file,class,type,cbo,cboModified,fanin,fanout,wmc,dit,noc,rfc,lcom,lcom*,tcc,lcc,totalMethodsQty,staticMethodsQty,publicMethodsQty,privateMethodsQty,protectedMethodsQty,defaultMethodsQty,visibleMethodsQty,abstractMethodsQty,finalMethodsQty,synchronizedMethodsQty,totalFieldsQty,staticFieldsQty,publicFieldsQty,privateFieldsQty,protectedFieldsQty,defaultFieldsQty,finalFieldsQty,synchronizedFieldsQty,nosi,loc,returnQty,loopQty,comparisonsQty,tryCatchQty,parenthesizedExpsQty,stringLiteralsQty,numbersQty,assignmentsQty,mathOperationsQty,variablesQty,maxNestedBlocksQty,anonymousClassesQty,innerClassesQty,lambdasQty,uniqueWordsQty,modifiers,logStatementsQty
/home/lucas/Documentos/ufc/semestre_10/reuso/trabalho3/Hotel-Management-System/src/CustomerCheckIn.java,CustomerCheckIn$Anonymous19,anonymous,1,1,0,1,1,1,0,1,0,0.0,NaN,NaN,1,0,1,0,0,0,1,0,0,0,0,0,0,0,0,0,0,0,0,5,0,0,0,0,0,0,0,0,0,0,0,0,0,0,6,-1,0
/home/lucas/Documentos/ufc/semestre_10/reuso/trabalho3/Hotel-Management-System/src/GenerateBill.java,GenerateBill$Anonymous5,anonymous,1,1,0,1,1,1,0,1,0,0.0,NaN,NaN,1,0,1,0,0,0,1,0,0,0,0,0,0,0,0,0,0,0,0,5,0,0,0,0,0,0,0,0,0,0,0,0,0,0,4,-1,0
/home/lucas/Documentos/ufc/semestre_10/reuso/trabalho3/Hotel-Management-System/src/Signup.java,Signup$Anonymous12,anonymous,1,1,0,1,1,1,0,1,0,0.0,NaN,NaN,1,0,1,0,0,0,1,0,0,0,0,0,0,0,0,0,0,0,0,5,0,0,0,0,0,0,0,0,0,0,0,0,0,0,6,-1,0
/home/lucas/Documentos/ufc/semestre_10/reuso/trabalho3/Hotel-Management-System/src/Signup.java,Signup$Anonymous13,anonymous,1,1,0,1,1,1,0,1,0,0.0,NaN,NaN,1,0,1,0,0,0,1,0,0,0,0,0,0,0,0,0,0,0,0,5,0,0,0,0,0,0,0,0,0,0,0,0,0,0,3,-1,0
/home/lucas/Documentos/ufc/semestre_10/reuso/trabalho3/Hotel-Management-System/src/GenerateBill.java,GenerateBill,class,2,9,7,2,17,6,0,44,26,0.7867647,0.33333334,0.33333334,8,1,3,5,0,0,3,0,0,0,17,0,0,5,0,12,0,0,11,161,0,1,0,3,0,53,29,20,16,20,3,5,0,0,113,1,0
/home/lucas/Documentos/ufc/semestre_10/reuso/trabalho3/Hotel-Management-System/src/Signup.java,Signup$Anonymous10,anonymous,1,1,0,1,1,1,0,1,0,0.0,NaN,NaN,1,0,1,0,0,0,1,0,0,0,0,0,0,0,0,0,0,0,0,5,0,0,0,0,0,0,0,0,0,0,0,0,0,0,5,-1,0
/home/lucas/Documentos/ufc/semestre_10/reuso/trabalho3/Hotel-Management-System/src/Signup.java,Signup$Anonymous11,anonymous,1,1,0,1,1,1,0,1,0,0.0,NaN,NaN,1,0,1,0,0,0,1,0,0,0,0,0,0,0,0,0,0,0,0,5,0,0,0,0,0,0,0,0,0,0,0,0,0,0,6,-1,0
/home/lucas/Documentos/ufc/semestre_10/reuso/trabalho3/Hotel-Management-System/src/CustomerCheckIn.java,CustomerCheckIn$Anonymous21,anonymous,1,1,0,1,1,1,0,1,0,0.0,NaN,NaN,1,0,1,0,0,0,1,0,0,0,0,0,0,0,0,0,0,0,0,5,0,0,0,0,0,0,0,0,0,0,0,0,0,0,5,-1,0
/home/lucas/Documentos/ufc/semestre_10/reuso/trabalho3/Hotel-Management-System/src/CustomerCheckIn.java,CustomerCheckIn$Anonymous20,anonymous,1,1,0,1,2,1,0,2,1,0.0,0.0,0.0,2,0,2,0,0,0,2,0,0,0,0,0,0,0,0,0,0,0,0,8,0,0,0,0,0,0,0,0,0,0,0,0,0,0,6,-1,0
/home/lucas/Documentos/ufc/semestre_10/reuso/trabalho3/Hotel-Management-System/src/GenerateBill.java,GenerateBill$Anonymous2,anonymous,1,1,0,1,1,1,0,1,0,0.0,NaN,NaN,1,0,1,0,0,0,1,0,0,0,0,0,0,0,0,0,0,0,0,5,0,0,0,0,0,0,0,0,0,0,0,0,0,0,5,-1,0
/home/lucas/Documentos/ufc/semestre_10/reuso/trabalho3/Hotel-Management-System/src/GenerateBill.java,GenerateBill$Anonymous1,anonymous,1,1,0,1,1,1,0,1,0,0.0,NaN,NaN,1,0,1,0,0,0,1,0,0,0,0,0,0,0,0,0,0,0,0,5,0,0,0,0,0,0,0,0,0,0,0,0,0,0,5,-1,0
/home/lucas/Documentos/ufc/semestre_10/reuso/trabalho3/Hotel-Management-System/src/GenerateBill.java,GenerateBill$Anonymous4,anonymous,1,1,0,1,1,1,0,1,0,0.0,NaN,NaN,1,0,1,0,0,0,1,0,0,0,0,0,0,0,0,0,0,0,0,5,0,0,0,0,0,0,0,0,0,0,0,0,0,0,6,-1,0
/home/lucas/Documentos/ufc/semestre_10/reuso/trabalho3/Hotel-Management-System/src/GenerateBill.java,GenerateBill$Anonymous3,anonymous,1,1,0,1,1,1,0,1,0,0.0,NaN,NaN,1,0,1,0,0,0,1,0,0,0,0,0,0,0,0,0,0,0,0,5,0,0,0,0,0,0,0,0,0,0,0,0,0,0,6,-1,0
/home/lucas/Documentos/ufc/semestre_10/reuso/trabalho3/Hotel-Management-System/src/CustomerCheckIn.java,CustomerCheckIn$Anonymous27,anonymous,1,1,0,1,1,1,0,1,0,0.0,NaN,NaN,1,0,1,0,0,0,1,0,0,0,0,0,0,0,0,0,0,0,0,5,0,0,0,0,0,0,0,0,0,0,0,0,0,0,5,-1,0
/home/lucas/Documentos/ufc/semestre_10/reuso/trabalho3/Hotel-Management-System/src/CustomerCheckIn.java,CustomerCheckIn$Anonymous26,anonymous,1,1,0,1,1,1,0,1,0,0.0,NaN,NaN,1,0,1,0,0,0,1,0,0,0,0,0,0,0,0,0,0,0,0,5,0,0,0,0,0,0,0,0,0,0,0,0,0,0,6,-1,0
/home/lucas/Documentos/ufc/semestre_10/reuso/trabalho3/Hotel-Management-System/src/CustomerCheckIn.java,CustomerCheckIn$Anonymous23,anonymous,1,1,0,1,1,1,0,1,0,0.0,NaN,NaN,1,0,1,0,0,0,1,0,0,0,0,0,0,0,0,0,0,0,0,5,0,0,0,0,0,0,0,0,0,0,0,0,0,0,6,-1,0
/home/lucas/Documentos/ufc/semestre_10/reuso/trabalho3/Hotel-Management-System/src/Start1.java,Start1,class,2,5,3,2,3,6,0,19,3,0.6666667,0.0,0.0,3,1,2,1,0,0,2,0,0,0,5,0,0,5,0,0,0,0,1,69,0,0,0,0,0,7,32,6,0,6,0,2,0,0,31,1,0
/home/lucas/Documentos/ufc/semestre_10/reuso/trabalho3/Hotel-Management-System/src/CustomerCheckIn.java,CustomerCheckIn$Anonymous22,anonymous,1,1,0,1,1,1,0,1,0,0.0,NaN,NaN,1,0,1,0,0,0,1,0,0,0,0,0,0,0,0,0,0,0,0,5,0,0,0,0,0,0,0,0,0,0,0,0,0,0,6,-1,0
/home/lucas/Documentos/ufc/semestre_10/reuso/trabalho3/Hotel-Management-System/src/CustomerCheckIn.java,CustomerCheckIn$Anonymous25,anonymous,1,1,0,1,1,1,0,1,0,0.0,NaN,NaN,1,0,1,0,0,0,1,0,0,0,0,0,0,0,0,0,0,0,0,5,0,0,0,0,0,0,0,0,0,0,0,0,0,0,6,-1,0
/home/lucas/Documentos/ufc/semestre_10/reuso/trabalho3/Hotel-Management-System/src/CustomerCheckIn.java,CustomerCheckIn$Anonymous24,anonymous,1,1,0,1,1,1,0,1,0,0.0,NaN,NaN,1,0,1,0,0,0,1,0,0,0,0,0,0,0,0,0,0,0,0,5,0,0,0,0,0,0,0,0,0,0,0,0,0,0,6,-1,0
/home/lucas/Documentos/ufc/semestre_10/reuso/trabalho3/Hotel-Management-System/src/SignIn.java,SignIn$Anonymous1,anonymous,1,1,0,1,1,1,0,1,0,0.0,NaN,NaN,1,0,1,0,0,0,1,0,0,0,0,0,0,0,0,0,0,0,0,5,0,0,0,0,0,0,0,0,0,0,0,0,0,0,6,-1,0
/home/lucas/Documentos/ufc/semestre_10/reuso/trabalho3/Hotel-Management-System/src/SignIn.java,SignIn$Anonymous2,anonymous,1,1,0,1,1,1,0,1,0,0.0,NaN,NaN,1,0,1,0,0,0,1,0,0,0,0,0,0,0,0,0,0,0,0,5,0,0,0,0,0,0,0,0,0,0,0,0,0,0,6,-1,0
/home/lucas/Documentos/ufc/semestre_10/reuso/trabalho3/Hotel-Management-System/src/SignIn.java,SignIn$Anonymous5,anonymous,1,1,0,1,1,1,0,1,0,0.0,NaN,NaN,1,0,1,0,0,0,1,0,0,0,0,0,0,0,0,0,0,0,0,5,0,0,0,0,0,0,0,0,0,0,0,0,0,0,5,-1,0
/home/lucas/Documentos/ufc/semestre_10/reuso/trabalho3/Hotel-Management-System/src/SignIn.java,SignIn$Anonymous6,anonymous,1,1,0,1,1,1,0,1,0,0.0,NaN,NaN,1,0,1,0,0,0,1,0,0,0,0,0,0,0,0,0,0,0,0,5,0,0,0,0,0,0,0,0,0,0,0,0,0,0,6,-1,0
/home/lucas/Documentos/ufc/semestre_10/reuso/trabalho3/Hotel-Management-System/src/Start.java,Start$Anonymous2,anonymous,1,1,0,1,1,1,0,1,0,0.0,NaN,NaN,1,0,1,0,0,0,1,0,0,0,0,0,0,0,0,0,0,0,0,5,0,0,0,0,0,0,0,0,0,0,0,0,0,0,3,-1,0
/home/lucas/Documentos/ufc/semestre_10/reuso/trabalho3/Hotel-Management-System/src/SignIn.java,SignIn$Anonymous3,anonymous,1,1,0,1,1,1,0,1,0,0.0,NaN,NaN,1,0,1,0,0,0,1,0,0,0,0,0,0,0,0,0,0,0,0,5,0,0,0,0,0,0,0,0,0,0,0,0,0,0,5,-1,0
/home/lucas/Documentos/ufc/semestre_10/reuso/trabalho3/Hotel-Management-System/src/Start.java,Start$Anonymous1,anonymous,1,1,0,1,2,1,0,2,0,0.0,NaN,NaN,1,0,1,0,0,0,1,0,0,0,0,0,0,0,0,0,0,0,1,10,0,0,0,1,0,0,1,0,0,0,1,0,0,0,6,-1,0
/home/lucas/Documentos/ufc/semestre_10/reuso/trabalho3/Hotel-Management-System/src/SignIn.java,SignIn$Anonymous4,anonymous,1,1,0,1,3,1,0,3,3,0.0,0.0,0.0,3,0,3,0,0,0,3,0,0,0,0,0,0,0,0,0,0,0,0,11,0,0,0,0,0,0,0,0,0,0,0,0,0,0,7,-1,0
/home/lucas/Documentos/ufc/semestre_10/reuso/trabalho3/Hotel-Management-System/src/SignIn.java,SignIn$Anonymous9,anonymous,1,1,0,1,1,1,0,1,0,0.0,NaN,NaN,1,0,1,0,0,0,1,0,0,0,0,0,0,0,0,0,0,0,0,5,0,0,0,0,0,0,0,0,0,0,0,0,0,0,6,-1,0
/home/lucas/Documentos/ufc/semestre_10/reuso/trabalho3/Hotel-Management-System/src/project/ConnectionProvider.java,project.ConnectionProvider,class,0,0,0,0,2,1,0,2,0,0.0,NaN,NaN,1,1,1,0,0,0,1,0,0,0,0,0,0,0,0,0,0,0,2,12,2,0,0,1,0,4,0,1,0,1,1,0,0,0,16,1,0
/home/lucas/Documentos/ufc/semestre_10/reuso/trabalho3/Hotel-Management-System/src/SignIn.java,SignIn$Anonymous7,anonymous,1,1,0,1,1,1,0,1,0,0.0,NaN,NaN,1,0,1,0,0,0,1,0,0,0,0,0,0,0,0,0,0,0,0,5,0,0,0,0,0,0,0,0,0,0,0,0,0,0,6,-1,0
/home/lucas/Documentos/ufc/semestre_10/reuso/trabalho3/Hotel-Management-System/src/SignIn.java,SignIn$Anonymous8,anonymous,1,1,0,1,2,1,0,2,1,0.0,0.0,0.0,2,0,2,0,0,0,2,0,0,0,0,0,0,0,0,0,0,0,0,8,0,0,0,0,0,0,0,0,0,0,0,0,0,0,7,-1,0
/home/lucas/Documentos/ufc/semestre_10/reuso/trabalho3/Hotel-Management-System/src/CustomerCheckIn.java,CustomerCheckIn,class,2,31,29,2,75,6,0,65,528,0.9696966,0.0,0.0,33,1,2,31,0,0,2,0,0,0,30,0,0,30,0,0,0,0,30,633,0,5,11,7,0,140,275,63,1,52,4,27,0,0,157,1,0
/home/lucas/Documentos/ufc/semestre_10/reuso/trabalho3/Hotel-Management-System/src/Home.java,Home$Anonymous5,anonymous,1,1,0,1,1,1,0,1,0,0.0,NaN,NaN,1,0,1,0,0,0,1,0,0,0,0,0,0,0,0,0,0,0,0,5,0,0,0,0,0,0,0,0,0,0,0,0,0,0,6,-1,0
/home/lucas/Documentos/ufc/semestre_10/reuso/trabalho3/Hotel-Management-System/src/SignIn.java,SignIn,class,6,22,16,6,41,6,0,56,120,0.9375,0.0,0.0,16,1,2,14,0,0,2,0,0,0,14,0,0,13,0,1,0,0,21,314,0,1,5,3,0,56,118,31,1,25,6,10,0,1,129,1,0
/home/lucas/Documentos/ufc/semestre_10/reuso/trabalho3/Hotel-Management-System/src/Home.java,Home$Anonymous4,anonymous,1,1,0,1,1,1,0,1,0,0.0,NaN,NaN,1,0,1,0,0,0,1,0,0,0,0,0,0,0,0,0,0,0,0,5,0,0,0,0,0,0,0,0,0,0,0,0,0,0,6,-1,0
/home/lucas/Documentos/ufc/semestre_10/reuso/trabalho3/Hotel-Management-System/src/Home.java,Home$Anonymous7,anonymous,1,1,0,1,1,1,0,1,0,0.0,NaN,NaN,1,0,1,0,0,0,1,0,0,0,0,0,0,0,0,0,0,0,0,5,0,0,0,0,0,0,0,0,0,0,0,0,0,0,3,-1,0
/home/lucas/Documentos/ufc/semestre_10/reuso/trabalho3/Hotel-Management-System/src/Home.java,Home$Anonymous6,anonymous,1,1,0,1,1,1,0,1,0,0.0,NaN,NaN,1,0,1,0,0,0,1,0,0,0,0,0,0,0,0,0,0,0,0,5,0,0,0,0,0,0,0,0,0,0,0,0,0,0,6,-1,0
/home/lucas/Documentos/ufc/semestre_10/reuso/trabalho3/Hotel-Management-System/src/ManageRoom.java,ManageRoom,class,3,11,8,3,32,6,0,63,34,0.8823531,0.0,0.0,9,1,3,6,0,0,3,0,0,0,17,0,0,16,0,1,0,0,28,318,0,3,1,7,0,84,137,55,0,47,5,7,0,0,127,1,0
/home/lucas/Documentos/ufc/semestre_10/reuso/trabalho3/Hotel-Management-System/src/Home.java,Home$Anonymous1,anonymous,1,1,0,1,1,1,0,1,0,0.0,NaN,NaN,1,0,1,0,0,0,1,0,0,0,0,0,0,0,0,0,0,0,0,5,0,0,0,0,0,0,0,0,0,0,0,0,0,0,6,-1,0
/home/lucas/Documentos/ufc/semestre_10/reuso/trabalho3/Hotel-Management-System/src/Home.java,Home$Anonymous3,anonymous,1,1,0,1,1,1,0,1,0,0.0,NaN,NaN,1,0,1,0,0,0,1,0,0,0,0,0,0,0,0,0,0,0,0,5,0,0,0,0,0,0,0,0,0,0,0,0,0,0,6,-1,0
/home/lucas/Documentos/ufc/semestre_10/reuso/trabalho3/Hotel-Management-System/src/Home.java,Home$Anonymous2,anonymous,1,1,0,1,1,1,0,1,0,0.0,NaN,NaN,1,0,1,0,0,0,1,0,0,0,0,0,0,0,0,0,0,0,0,5,0,0,0,0,0,0,0,0,0,0,0,0,0,0,6,-1,0
/home/lucas/Documentos/ufc/semestre_10/reuso/trabalho3/Hotel-Management-System/src/CustomerCheckOut.java,CustomerCheckOut,class,4,13,9,4,30,6,0,67,43,0.8928569,0.0,0.0,10,1,3,7,0,0,3,0,0,0,28,0,0,26,0,2,0,0,28,405,0,3,5,6,4,128,230,78,8,70,4,8,0,0,169,1,0
/home/lucas/Documentos/ufc/semestre_10/reuso/trabalho3/Hotel-Management-System/src/Start.java,Start,class,2,4,2,2,9,6,0,20,3,0.6666667,0.0,0.0,3,1,2,1,0,0,2,0,0,0,1,0,0,1,0,0,0,0,7,55,0,1,0,1,0,3,4,2,0,2,3,2,0,0,58,1,0
/home/lucas/Documentos/ufc/semestre_10/reuso/trabalho3/Hotel-Management-System/src/CustomerCheckIn.java,CustomerCheckIn$Anonymous9,anonymous,1,1,0,1,1,1,0,1,0,0.0,NaN,NaN,1,0,1,0,0,0,1,0,0,0,0,0,0,0,0,0,0,0,0,5,0,0,0,0,0,0,0,0,0,0,0,0,0,0,5,-1,0
/home/lucas/Documentos/ufc/semestre_10/reuso/trabalho3/Hotel-Management-System/src/CustomerCheckIn.java,CustomerCheckIn$Anonymous8,anonymous,1,1,0,1,1,1,0,1,0,0.0,NaN,NaN,1,0,1,0,0,0,1,0,0,0,0,0,0,0,0,0,0,0,0,5,0,0,0,0,0,0,0,0,0,0,0,0,0,0,5,-1,0
/home/lucas/Documentos/ufc/semestre_10/reuso/trabalho3/Hotel-Management-System/src/PassWord.java,PassWord,class,3,12,9,3,35,6,0,64,24,0.84567916,0.0,0.0,9,1,2,7,0,0,2,0,0,0,18,0,0,15,0,3,0,0,30,285,0,1,3,6,0,83,129,35,1,28,5,7,0,0,123,1,0
/home/lucas/Documentos/ufc/semestre_10/reuso/trabalho3/Hotel-Management-System/src/CustomerDetailsBill.java,CustomerDetailsBill$Anonymous5,anonymous,1,1,0,1,1,1,0,1,0,0.0,NaN,NaN,1,0,1,0,0,0,1,0,0,0,0,0,0,0,0,0,0,0,0,5,0,0,0,0,0,0,0,0,0,0,0,0,0,0,6,-1,0
/home/lucas/Documentos/ufc/semestre_10/reuso/trabalho3/Hotel-Management-System/src/CustomerDetailsBill.java,CustomerDetailsBill$Anonymous4,anonymous,1,1,0,1,1,1,0,1,0,0.0,NaN,NaN,1,0,1,0,0,0,1,0,0,0,0,0,0,0,0,0,0,0,0,5,0,0,0,0,0,0,0,0,0,0,0,0,0,0,6,-1,0
/home/lucas/Documentos/ufc/semestre_10/reuso/trabalho3/Hotel-Management-System/src/CustomerDetailsBill.java,CustomerDetailsBill$Anonymous6,anonymous,1,1,0,1,1,1,0,1,0,0.0,NaN,NaN,1,0,1,0,0,0,1,0,0,0,0,0,0,0,0,0,0,0,0,5,0,0,0,0,0,0,0,0,0,0,0,0,0,0,5,-1,0
/home/lucas/Documentos/ufc/semestre_10/reuso/trabalho3/Hotel-Management-System/src/Signup.java,Signup,class,3,18,15,3,46,6,0,57,120,0.9375,0.0,0.0,16,1,2,14,0,0,2,0,0,0,19,0,0,18,0,1,0,0,27,372,0,1,8,4,0,77,155,44,1,32,5,13,0,0,130,1,0
/home/lucas/Documentos/ufc/semestre_10/reuso/trabalho3/Hotel-Management-System/src/PassWord.java,PassWord$Anonymous1,anonymous,1,1,0,1,1,1,0,1,0,0.0,NaN,NaN,1,0,1,0,0,0,1,0,0,0,0,0,0,0,0,0,0,0,0,5,0,0,0,0,0,0,0,0,0,0,0,0,0,0,5,-1,0
/home/lucas/Documentos/ufc/semestre_10/reuso/trabalho3/Hotel-Management-System/src/PassWord.java,PassWord$Anonymous2,anonymous,1,1,0,1,1,1,0,1,0,0.0,NaN,NaN,1,0,1,0,0,0,1,0,0,0,0,0,0,0,0,0,0,0,0,5,0,0,0,0,0,0,0,0,0,0,0,0,0,0,5,-1,0
/home/lucas/Documentos/ufc/semestre_10/reuso/trabalho3/Hotel-Management-System/src/PassWord.java,PassWord$Anonymous3,anonymous,1,1,0,1,1,1,0,1,0,0.0,NaN,NaN,1,0,1,0,0,0,1,0,0,0,0,0,0,0,0,0,0,0,0,5,0,0,0,0,0,0,0,0,0,0,0,0,0,0,5,-1,0
/home/lucas/Documentos/ufc/semestre_10/reuso/trabalho3/Hotel-Management-System/src/Admin.java,Admin$Anonymous5,anonymous,1,1,0,1,1,1,0,1,0,0.0,NaN,NaN,1,0,1,0,0,0,1,0,0,0,0,0,0,0,0,0,0,0,0,5,0,0,0,0,0,0,0,0,0,0,0,0,0,0,6,-1,0
/home/lucas/Documentos/ufc/semestre_10/reuso/trabalho3/Hotel-Management-System/src/Admin.java,Admin$Anonymous4,anonymous,1,1,0,1,1,1,0,1,0,0.0,NaN,NaN,1,0,1,0,0,0,1,0,0,0,0,0,0,0,0,0,0,0,0,5,0,0,0,0,0,0,0,0,0,0,0,0,0,0,6,-1,0
/home/lucas/Documentos/ufc/semestre_10/reuso/trabalho3/Hotel-Management-System/src/Admin.java,Admin$Anonymous6,anonymous,1,1,0,1,1,1,0,1,0,0.0,NaN,NaN,1,0,1,0,0,0,1,0,0,0,0,0,0,0,0,0,0,0,0,5,0,0,0,0,0,0,0,0,0,0,0,0,0,0,3,-1,0
/home/lucas/Documentos/ufc/semestre_10/reuso/trabalho3/Hotel-Management-System/src/Admin.java,Admin$Anonymous1,anonymous,1,1,0,1,1,1,0,1,0,0.0,NaN,NaN,1,0,1,0,0,0,1,0,0,0,0,0,0,0,0,0,0,0,0,5,0,0,0,0,0,0,0,0,0,0,0,0,0,0,6,-1,0
/home/lucas/Documentos/ufc/semestre_10/reuso/trabalho3/Hotel-Management-System/src/Admin.java,Admin$Anonymous3,anonymous,1,1,0,1,1,1,0,1,0,0.0,NaN,NaN,1,0,1,0,0,0,1,0,0,0,0,0,0,0,0,0,0,0,0,5,0,0,0,0,0,0,0,0,0,0,0,0,0,0,6,-1,0
/home/lucas/Documentos/ufc/semestre_10/reuso/trabalho3/Hotel-Management-System/src/Admin.java,Admin$Anonymous2,anonymous,1,1,0,1,1,1,0,0,0,0.0,NaN,NaN,1,0,1,0,0,0,1,0,0,0,1,0,0,0,0,1,0,0,0,6,1,0,0,0,0,0,0,1,0,1,0,0,0,0,7,-1,0
/home/lucas/Documentos/ufc/semestre_10/reuso/trabalho3/Hotel-Management-System/src/ManageRoom.java,ManageRoom$Anonymous1,anonymous,1,1,0,1,1,1,0,1,0,0.0,NaN,NaN,1,0,1,0,0,0,1,0,0,0,0,0,0,0,0,0,0,0,0,5,0,0,0,0,0,0,0,0,0,0,0,0,0,0,6,-1,0
/home/lucas/Documentos/ufc/semestre_10/reuso/trabalho3/Hotel-Management-System/src/PassWord.java,PassWord$Anonymous4,anonymous,1,1,0,1,1,1,0,1,0,0.0,NaN,NaN,1,0,1,0,0,0,1,0,0,0,0,0,0,0,0,0,0,0,0,5,0,0,0,0,0,0,0,0,0,0,0,0,0,0,6,-1,0
/home/lucas/Documentos/ufc/semestre_10/reuso/trabalho3/Hotel-Management-System/src/CustomerCheckIn.java,CustomerCheckIn$Anonymous7,anonymous,1,1,0,1,1,1,0,1,0,0.0,NaN,NaN,1,0,1,0,0,0,1,0,0,0,0,0,0,0,0,0,0,0,0,5,0,0,0,0,0,0,0,0,0,0,0,0,0,0,5,-1,0
/home/lucas/Documentos/ufc/semestre_10/reuso/trabalho3/Hotel-Management-System/src/ManageRoom.java,ManageRoom$Anonymous2,anonymous,1,1,0,1,1,1,0,0,0,0.0,NaN,NaN,1,0,1,0,0,0,1,0,0,0,1,0,0,0,0,1,0,0,0,6,1,0,0,0,0,0,0,1,0,1,0,0,0,0,7,-1,0
/home/lucas/Documentos/ufc/semestre_10/reuso/trabalho3/Hotel-Management-System/src/PassWord.java,PassWord$Anonymous5,anonymous,1,1,0,1,1,1,0,1,0,0.0,NaN,NaN,1,0,1,0,0,0,1,0,0,0,0,0,0,0,0,0,0,0,0,5,0,0,0,0,0,0,0,0,0,0,0,0,0,0,6,-1,0
/home/lucas/Documentos/ufc/semestre_10/reuso/trabalho3/Hotel-Management-System/src/CustomerCheckIn.java,CustomerCheckIn$Anonymous6,anonymous,1,1,0,1,3,1,0,3,3,0.0,0.0,0.0,3,0,3,0,0,0,3,0,0,0,0,0,0,0,0,0,0,0,0,11,0,0,0,0,0,0,0,0,0,0,0,0,0,0,7,-1,0
/home/lucas/Documentos/ufc/semestre_10/reuso/trabalho3/Hotel-Management-System/src/ManageRoom.java,ManageRoom$Anonymous3,anonymous,1,1,0,1,1,1,0,1,0,0.0,NaN,NaN,1,0,1,0,0,0,1,0,0,0,0,0,0,0,0,0,0,0,0,5,0,0,0,0,0,0,0,0,0,0,0,0,0,0,6,-1,0
/home/lucas/Documentos/ufc/semestre_10/reuso/trabalho3/Hotel-Management-System/src/PassWord.java,PassWord$Anonymous6,anonymous,1,1,0,1,1,1,0,1,0,0.0,NaN,NaN,1,0,1,0,0,0,1,0,0,0,0,0,0,0,0,0,0,0,0,5,0,0,0,0,0,0,0,0,0,0,0,0,0,0,5,-1,0
/home/lucas/Documentos/ufc/semestre_10/reuso/trabalho3/Hotel-Management-System/src/CustomerCheckIn.java,CustomerCheckIn$Anonymous5,anonymous,1,1,0,1,1,1,0,1,0,0.0,NaN,NaN,1,0,1,0,0,0,1,0,0,0,0,0,0,0,0,0,0,0,0,5,0,0,0,0,0,0,0,0,0,0,0,0,0,0,5,-1,0
/home/lucas/Documentos/ufc/semestre_10/reuso/trabalho3/Hotel-Management-System/src/ManageRoom.java,ManageRoom$Anonymous4,anonymous,1,1,0,1,1,1,0,1,0,0.0,NaN,NaN,1,0,1,0,0,0,1,0,0,0,0,0,0,0,0,0,0,0,0,5,0,0,0,0,0,0,0,0,0,0,0,0,0,0,5,-1,0
/home/lucas/Documentos/ufc/semestre_10/reuso/trabalho3/Hotel-Management-System/src/PassWord.java,PassWord$Anonymous7,anonymous,1,1,0,1,1,1,0,1,0,0.0,NaN,NaN,1,0,1,0,0,0,1,0,0,0,0,0,0,0,0,0,0,0,0,5,0,0,0,0,0,0,0,0,0,0,0,0,0,0,4,-1,0
/home/lucas/Documentos/ufc/semestre_10/reuso/trabalho3/Hotel-Management-System/src/CustomerCheckIn.java,CustomerCheckIn$Anonymous4,anonymous,1,1,0,1,1,1,0,1,0,0.0,NaN,NaN,1,0,1,0,0,0,1,0,0,0,0,0,0,0,0,0,0,0,0,5,0,0,0,0,0,0,0,0,0,0,0,0,0,0,5,-1,0
/home/lucas/Documentos/ufc/semestre_10/reuso/trabalho3/Hotel-Management-System/src/ManageRoom.java,ManageRoom$Anonymous5,anonymous,1,1,0,1,1,1,0,1,0,0.0,NaN,NaN,1,0,1,0,0,0,1,0,0,0,0,0,0,0,0,0,0,0,0,5,0,0,0,0,0,0,0,0,0,0,0,0,0,0,6,-1,0
/home/lucas/Documentos/ufc/semestre_10/reuso/trabalho3/Hotel-Management-System/src/CustomerCheckIn.java,CustomerCheckIn$Anonymous3,anonymous,1,1,0,1,1,1,0,1,0,0.0,NaN,NaN,1,0,1,0,0,0,1,0,0,0,0,0,0,0,0,0,0,0,0,5,0,0,0,0,0,0,0,0,0,0,0,0,0,0,5,-1,0
/home/lucas/Documentos/ufc/semestre_10/reuso/trabalho3/Hotel-Management-System/src/ManageRoom.java,ManageRoom$Anonymous6,anonymous,1,1,0,1,1,1,0,1,0,0.0,NaN,NaN,1,0,1,0,0,0,1,0,0,0,0,0,0,0,0,0,0,0,0,5,0,0,0,0,0,0,0,0,0,0,0,0,0,0,6,-1,0
/home/lucas/Documentos/ufc/semestre_10/reuso/trabalho3/Hotel-Management-System/src/CustomerCheckIn.java,CustomerCheckIn$Anonymous2,anonymous,1,1,0,1,1,1,0,1,0,0.0,NaN,NaN,1,0,1,0,0,0,1,0,0,0,0,0,0,0,0,0,0,0,0,5,0,0,0,0,0,0,0,0,0,0,0,0,0,0,5,-1,0
/home/lucas/Documentos/ufc/semestre_10/reuso/trabalho3/Hotel-Management-System/src/ManageRoom.java,ManageRoom$Anonymous7,anonymous,1,1,0,1,1,1,0,1,0,0.0,NaN,NaN,1,0,1,0,0,0,1,0,0,0,0,0,0,0,0,0,0,0,0,5,0,0,0,0,0,0,0,0,0,0,0,0,0,0,4,-1,0
/home/lucas/Documentos/ufc/semestre_10/reuso/trabalho3/Hotel-Management-System/src/CustomerCheckIn.java,CustomerCheckIn$Anonymous1,anonymous,1,1,0,1,2,1,0,2,1,0.0,0.0,0.0,2,0,2,0,0,0,2,0,0,0,0,0,0,0,0,0,0,0,0,8,0,0,0,0,0,0,0,0,0,0,0,0,0,0,6,-1,0
/home/lucas/Documentos/ufc/semestre_10/reuso/trabalho3/Hotel-Management-System/src/SignIn.java,SignIn$Anonymous10,anonymous,1,1,0,1,1,1,0,1,0,0.0,NaN,NaN,1,0,1,0,0,0,1,0,0,0,0,0,0,0,0,0,0,0,0,5,0,0,0,0,0,0,0,0,0,0,0,0,0,0,6,-1,0
/home/lucas/Documentos/ufc/semestre_10/reuso/trabalho3/Hotel-Management-System/src/CustomerDetailsBill.java,CustomerDetailsBill,class,4,12,8,4,21,6,0,56,28,0.875,0.0,0.0,8,1,3,5,0,0,3,0,0,0,11,1,0,10,0,1,0,0,12,229,0,5,1,3,1,78,80,39,0,33,3,6,0,0,122,1,0
/home/lucas/Documentos/ufc/semestre_10/reuso/trabalho3/Hotel-Management-System/src/Home.java,Home,class,7,16,9,7,17,6,0,28,36,0.8888889,0.0,0.0,9,1,2,7,0,0,2,0,0,0,7,0,0,7,0,0,0,0,10,141,0,1,2,1,0,23,53,9,0,9,3,7,0,0,85,1,0
/home/lucas/Documentos/ufc/semestre_10/reuso/trabalho3/Hotel-Management-System/src/hotel/management/system/HotelManagementSystem.java,hotel.management.system.HotelManagementSystem,class,0,0,0,0,1,1,0,0,0,0.0,NaN,NaN,1,1,1,0,0,0,1,0,0,0,0,0,0,0,0,0,0,0,0,4,0,0,0,0,0,0,0,0,0,0,0,0,0,0,11,1,0
/home/lucas/Documentos/ufc/semestre_10/reuso/trabalho3/Hotel-Management-System/src/CustomerDetailsBill.java,CustomerDetailsBill$Anonymous1,anonymous,1,1,0,1,1,1,0,1,0,0.0,NaN,NaN,1,0,1,0,0,0,1,0,0,0,0,0,0,0,0,0,0,0,0,5,0,0,0,0,0,0,0,0,0,0,0,0,0,0,6,-1,0
/home/lucas/Documentos/ufc/semestre_10/reuso/trabalho3/Hotel-Management-System/src/CustomerDetailsBill.java,CustomerDetailsBill$Anonymous3,anonymous,1,1,0,1,1,1,0,0,0,0.0,NaN,NaN,1,0,1,0,0,0,1,0,0,0,1,0,0,0,0,1,0,0,0,6,1,0,0,0,0,0,0,1,0,1,0,0,0,0,7,-1,0
/home/lucas/Documentos/ufc/semestre_10/reuso/trabalho3/Hotel-Management-System/src/CustomerDetailsBill.java,CustomerDetailsBill$Anonymous2,anonymous,1,1,0,1,1,1,0,1,0,0.0,NaN,NaN,1,0,1,0,0,0,1,0,0,0,0,0,0,0,0,0,0,0,0,5,0,0,0,0,0,0,0,0,0,0,0,0,0,0,6,-1,0
/home/lucas/Documentos/ufc/semestre_10/reuso/trabalho3/Hotel-Management-System/src/Admin.java,Admin,class,4,11,7,4,28,6,0,53,28,0.875,0.0,0.0,8,1,3,5,0,0,3,0,0,0,9,0,0,9,0,0,0,0,19,238,0,5,4,5,2,59,75,47,0,37,5,6,0,0,116,1,0
/home/lucas/Documentos/ufc/semestre_10/reuso/trabalho3/Hotel-Management-System/src/Signup.java,Signup$Anonymous9,anonymous,1,1,0,1,1,1,0,1,0,0.0,NaN,NaN,1,0,1,0,0,0,1,0,0,0,0,0,0,0,0,0,0,0,0,5,0,0,0,0,0,0,0,0,0,0,0,0,0,0,5,-1,0
/home/lucas/Documentos/ufc/semestre_10/reuso/trabalho3/Hotel-Management-System/src/CustomerCheckIn.java,CustomerCheckIn$Anonymous10,anonymous,1,1,0,1,1,1,0,1,0,0.0,NaN,NaN,1,0,1,0,0,0,1,0,0,0,0,0,0,0,0,0,0,0,0,5,0,0,0,0,0,0,0,0,0,0,0,0,0,0,5,-1,0
/home/lucas/Documentos/ufc/semestre_10/reuso/trabalho3/Hotel-Management-System/src/CustomerCheckOut.java,CustomerCheckOut$Anonymous4,anonymous,1,1,0,1,1,1,0,0,0,0.0,NaN,NaN,1,0,1,0,0,0,1,0,0,0,1,0,0,0,0,1,0,0,0,6,1,0,0,0,0,0,0,1,0,1,0,0,0,0,7,-1,0
/home/lucas/Documentos/ufc/semestre_10/reuso/trabalho3/Hotel-Management-System/src/CustomerCheckOut.java,CustomerCheckOut$Anonymous3,anonymous,1,1,0,1,1,1,0,1,0,0.0,NaN,NaN,1,0,1,0,0,0,1,0,0,0,0,0,0,0,0,0,0,0,0,5,0,0,0,0,0,0,0,0,0,0,0,0,0,0,6,-1,0
/home/lucas/Documentos/ufc/semestre_10/reuso/trabalho3/Hotel-Management-System/src/CustomerCheckOut.java,CustomerCheckOut$Anonymous2,anonymous,1,1,0,1,1,1,0,1,0,0.0,NaN,NaN,1,0,1,0,0,0,1,0,0,0,0,0,0,0,0,0,0,0,0,5,0,0,0,0,0,0,0,0,0,0,0,0,0,0,5,-1,0
/home/lucas/Documentos/ufc/semestre_10/reuso/trabalho3/Hotel-Management-System/src/CustomerCheckOut.java,CustomerCheckOut$Anonymous1,anonymous,1,1,0,1,1,1,0,1,0,0.0,NaN,NaN,1,0,1,0,0,0,1,0,0,0,0,0,0,0,0,0,0,0,0,5,0,0,0,0,0,0,0,0,0,0,0,0,0,0,6,-1,0
/home/lucas/Documentos/ufc/semestre_10/reuso/trabalho3/Hotel-Management-System/src/Signup.java,Signup$Anonymous3,anonymous,1,1,0,1,1,1,0,1,0,0.0,NaN,NaN,1,0,1,0,0,0,1,0,0,0,0,0,0,0,0,0,0,0,0,5,0,0,0,0,0,0,0,0,0,0,0,0,0,0,5,-1,0
/home/lucas/Documentos/ufc/semestre_10/reuso/trabalho3/Hotel-Management-System/src/CustomerCheckIn.java,CustomerCheckIn$Anonymous16,anonymous,1,1,0,1,1,1,0,1,0,0.0,NaN,NaN,1,0,1,0,0,0,1,0,0,0,0,0,0,0,0,0,0,0,0,5,0,0,0,0,0,0,0,0,0,0,0,0,0,0,5,-1,0
/home/lucas/Documentos/ufc/semestre_10/reuso/trabalho3/Hotel-Management-System/src/CustomerCheckOut.java,CustomerCheckOut$Anonymous8,anonymous,1,1,0,1,1,1,0,1,0,0.0,NaN,NaN,1,0,1,0,0,0,1,0,0,0,0,0,0,0,0,0,0,0,0,5,0,0,0,0,0,0,0,0,0,0,0,0,0,0,5,-1,0
/home/lucas/Documentos/ufc/semestre_10/reuso/trabalho3/Hotel-Management-System/src/Signup.java,Signup$Anonymous4,anonymous,1,1,0,1,1,1,0,1,0,0.0,NaN,NaN,1,0,1,0,0,0,1,0,0,0,0,0,0,0,0,0,0,0,0,5,0,0,0,0,0,0,0,0,0,0,0,0,0,0,6,-1,0
/home/lucas/Documentos/ufc/semestre_10/reuso/trabalho3/Hotel-Management-System/src/CustomerCheckIn.java,CustomerCheckIn$Anonymous15,anonymous,1,1,0,1,1,1,0,1,0,0.0,NaN,NaN,1,0,1,0,0,0,1,0,0,0,0,0,0,0,0,0,0,0,0,5,0,0,0,0,0,0,0,0,0,0,0,0,0,0,5,-1,0
/home/lucas/Documentos/ufc/semestre_10/reuso/trabalho3/Hotel-Management-System/src/CustomerCheckOut.java,CustomerCheckOut$Anonymous7,anonymous,1,1,0,1,1,1,0,1,0,0.0,NaN,NaN,1,0,1,0,0,0,1,0,0,0,0,0,0,0,0,0,0,0,0,5,0,0,0,0,0,0,0,0,0,0,0,0,0,0,6,-1,0
/home/lucas/Documentos/ufc/semestre_10/reuso/trabalho3/Hotel-Management-System/src/Signup.java,Signup$Anonymous1,anonymous,1,1,0,1,1,1,0,1,0,0.0,NaN,NaN,1,0,1,0,0,0,1,0,0,0,0,0,0,0,0,0,0,0,0,5,0,0,0,0,0,0,0,0,0,0,0,0,0,0,6,-1,0
/home/lucas/Documentos/ufc/semestre_10/reuso/trabalho3/Hotel-Management-System/src/CustomerCheckIn.java,CustomerCheckIn$Anonymous18,anonymous,1,1,0,1,1,1,0,1,0,0.0,NaN,NaN,1,0,1,0,0,0,1,0,0,0,0,0,0,0,0,0,0,0,0,5,0,0,0,0,0,0,0,0,0,0,0,0,0,0,6,-1,0
/home/lucas/Documentos/ufc/semestre_10/reuso/trabalho3/Hotel-Management-System/src/CustomerCheckOut.java,CustomerCheckOut$Anonymous6,anonymous,1,1,0,1,1,1,0,1,0,0.0,NaN,NaN,1,0,1,0,0,0,1,0,0,0,0,0,0,0,0,0,0,0,0,5,0,0,0,0,0,0,0,0,0,0,0,0,0,0,6,-1,0
/home/lucas/Documentos/ufc/semestre_10/reuso/trabalho3/Hotel-Management-System/src/Signup.java,Signup$Anonymous2,anonymous,1,1,0,1,1,1,0,1,0,0.0,NaN,NaN,1,0,1,0,0,0,1,0,0,0,0,0,0,0,0,0,0,0,0,5,0,0,0,0,0,0,0,0,0,0,0,0,0,0,5,-1,0
/home/lucas/Documentos/ufc/semestre_10/reuso/trabalho3/Hotel-Management-System/src/CustomerCheckIn.java,CustomerCheckIn$Anonymous17,anonymous,1,1,0,1,1,1,0,1,0,0.0,NaN,NaN,1,0,1,0,0,0,1,0,0,0,0,0,0,0,0,0,0,0,0,5,0,0,0,0,0,0,0,0,0,0,0,0,0,0,5,-1,0
/home/lucas/Documentos/ufc/semestre_10/reuso/trabalho3/Hotel-Management-System/src/CustomerCheckOut.java,CustomerCheckOut$Anonymous5,anonymous,1,1,0,1,1,1,0,1,0,0.0,NaN,NaN,1,0,1,0,0,0,1,0,0,0,0,0,0,0,0,0,0,0,0,5,0,0,0,0,0,0,0,0,0,0,0,0,0,0,6,-1,0
/home/lucas/Documentos/ufc/semestre_10/reuso/trabalho3/Hotel-Management-System/src/Signup.java,Signup$Anonymous7,anonymous,1,1,0,1,1,1,0,1,0,0.0,NaN,NaN,1,0,1,0,0,0,1,0,0,0,0,0,0,0,0,0,0,0,0,5,0,0,0,0,0,0,0,0,0,0,0,0,0,0,5,-1,0
/home/lucas/Documentos/ufc/semestre_10/reuso/trabalho3/Hotel-Management-System/src/CustomerCheckIn.java,CustomerCheckIn$Anonymous12,anonymous,1,1,0,1,1,1,0,1,0,0.0,NaN,NaN,1,0,1,0,0,0,1,0,0,0,0,0,0,0,0,0,0,0,0,5,0,0,0,0,0,0,0,0,0,0,0,0,0,0,5,-1,0
/home/lucas/Documentos/ufc/semestre_10/reuso/trabalho3/Hotel-Management-System/src/Start1.java,Start1$Anonymous2,anonymous,1,1,0,1,1,1,0,1,0,0.0,NaN,NaN,1,0,1,0,0,0,1,0,0,0,0,0,0,0,0,0,0,0,0,5,0,0,0,0,0,0,0,0,0,0,0,0,0,0,3,-1,0
/home/lucas/Documentos/ufc/semestre_10/reuso/trabalho3/Hotel-Management-System/src/Signup.java,Signup$Anonymous8,anonymous,1,1,0,1,1,1,0,1,0,0.0,NaN,NaN,1,0,1,0,0,0,1,0,0,0,0,0,0,0,0,0,0,0,0,5,0,0,0,0,0,0,0,0,0,0,0,0,0,0,7,-1,0
/home/lucas/Documentos/ufc/semestre_10/reuso/trabalho3/Hotel-Management-System/src/CustomerCheckIn.java,CustomerCheckIn$Anonymous11,anonymous,1,1,0,1,1,1,0,1,0,0.0,NaN,NaN,1,0,1,0,0,0,1,0,0,0,0,0,0,0,0,0,0,0,0,5,0,0,0,0,0,0,0,0,0,0,0,0,0,0,5,-1,0
/home/lucas/Documentos/ufc/semestre_10/reuso/trabalho3/Hotel-Management-System/src/Start1.java,Start1$Anonymous1,anonymous,1,1,0,1,7,1,0,6,0,0.0,NaN,NaN,1,0,1,0,0,0,1,0,0,0,0,0,0,0,0,0,0,0,1,20,0,1,0,1,0,7,3,1,0,1,3,0,0,0,8,-1,0
/home/lucas/Documentos/ufc/semestre_10/reuso/trabalho3/Hotel-Management-System/src/Signup.java,Signup$Anonymous5,anonymous,1,1,0,1,2,1,0,2,1,0.0,0.0,0.0,2,0,2,0,0,0,2,0,0,0,0,0,0,0,0,0,0,0,0,8,0,0,0,0,0,0,0,0,0,0,0,0,0,0,6,-1,0
/home/lucas/Documentos/ufc/semestre_10/reuso/trabalho3/Hotel-Management-System/src/CustomerCheckIn.java,CustomerCheckIn$Anonymous14,anonymous,1,1,0,1,1,1,0,1,0,0.0,NaN,NaN,1,0,1,0,0,0,1,0,0,0,0,0,0,0,0,0,0,0,0,5,0,0,0,0,0,0,0,0,0,0,0,0,0,0,5,-1,0
/home/lucas/Documentos/ufc/semestre_10/reuso/trabalho3/Hotel-Management-System/src/Signup.java,Signup$Anonymous6,anonymous,1,1,0,1,1,1,0,1,0,0.0,NaN,NaN,1,0,1,0,0,0,1,0,0,0,0,0,0,0,0,0,0,0,0,5,0,0,0,0,0,0,0,0,0,0,0,0,0,0,5,-1,0
/home/lucas/Documentos/ufc/semestre_10/reuso/trabalho3/Hotel-Management-System/src/CustomerCheckIn.java,CustomerCheckIn$Anonymous13,anonymous,1,1,0,1,1,1,0,1,0,0.0,NaN,NaN,1,0,1,0,0,0,1,0,0,0,0,0,0,0,0,0,0,0,0,5,0,0,0,0,0,0,0,0,0,0,0,0,0,0,5,-1,0
