file,class,method,variable,usage
/home/lucas/Documentos/ufc/semestre_10/reuso/trabalho3/Hotel-Management-System/src/GenerateBill.java,GenerateBill,connect/0,bed,1
/home/lucas/Documentos/ufc/semestre_10/reuso/trabalho3/Hotel-Management-System/src/GenerateBill.java,GenerateBill,connect/0,outdate,1
/home/lucas/Documentos/ufc/semestre_10/reuso/trabalho3/Hotel-Management-System/src/GenerateBill.java,GenerateBill,connect/0,amount,1
/home/lucas/Documentos/ufc/semestre_10/reuso/trabalho3/Hotel-Management-System/src/GenerateBill.java,GenerateBill,connect/0,price,1
/home/lucas/Documentos/ufc/semestre_10/reuso/trabalho3/Hotel-Management-System/src/GenerateBill.java,GenerateBill,connect/0,roomnumber,1
/home/lucas/Documentos/ufc/semestre_10/reuso/trabalho3/Hotel-Management-System/src/GenerateBill.java,GenerateBill,connect/0,mobile,1
/home/lucas/Documentos/ufc/semestre_10/reuso/trabalho3/Hotel-Management-System/src/GenerateBill.java,GenerateBill,connect/0,days,1
/home/lucas/Documentos/ufc/semestre_10/reuso/trabalho3/Hotel-Management-System/src/GenerateBill.java,GenerateBill,connect/0,indate,1
/home/lucas/Documentos/ufc/semestre_10/reuso/trabalho3/Hotel-Management-System/src/GenerateBill.java,GenerateBill,connect/0,id,1
/home/lucas/Documentos/ufc/semestre_10/reuso/trabalho3/Hotel-Management-System/src/GenerateBill.java,GenerateBill,connect/0,type,1
/home/lucas/Documentos/ufc/semestre_10/reuso/trabalho3/Hotel-Management-System/src/GenerateBill.java,GenerateBill,connect/0,email,1
/home/lucas/Documentos/ufc/semestre_10/reuso/trabalho3/Hotel-Management-System/src/GenerateBill.java,GenerateBill,connect/0,nm,1
/home/lucas/Documentos/ufc/semestre_10/reuso/trabalho3/Hotel-Management-System/src/GenerateBill.java,GenerateBill,jButton1ActionPerformed/1[java.awt.event.ActionEvent],txtbill,1
/home/lucas/Documentos/ufc/semestre_10/reuso/trabalho3/Hotel-Management-System/src/GenerateBill.java,GenerateBill,GenerateBill/0,bed,1
/home/lucas/Documentos/ufc/semestre_10/reuso/trabalho3/Hotel-Management-System/src/GenerateBill.java,GenerateBill,GenerateBill/0,amount,1
/home/lucas/Documentos/ufc/semestre_10/reuso/trabalho3/Hotel-Management-System/src/GenerateBill.java,GenerateBill,GenerateBill/0,roomnumber,1
/home/lucas/Documentos/ufc/semestre_10/reuso/trabalho3/Hotel-Management-System/src/GenerateBill.java,GenerateBill,GenerateBill/0,mobile,1
/home/lucas/Documentos/ufc/semestre_10/reuso/trabalho3/Hotel-Management-System/src/GenerateBill.java,GenerateBill,GenerateBill/0,type,1
/home/lucas/Documentos/ufc/semestre_10/reuso/trabalho3/Hotel-Management-System/src/GenerateBill.java,GenerateBill,GenerateBill/0,outdate,1
/home/lucas/Documentos/ufc/semestre_10/reuso/trabalho3/Hotel-Management-System/src/GenerateBill.java,GenerateBill,GenerateBill/0,price,1
/home/lucas/Documentos/ufc/semestre_10/reuso/trabalho3/Hotel-Management-System/src/GenerateBill.java,GenerateBill,GenerateBill/0,days,1
/home/lucas/Documentos/ufc/semestre_10/reuso/trabalho3/Hotel-Management-System/src/GenerateBill.java,GenerateBill,GenerateBill/0,indate,1
/home/lucas/Documentos/ufc/semestre_10/reuso/trabalho3/Hotel-Management-System/src/GenerateBill.java,GenerateBill,GenerateBill/0,id,1
/home/lucas/Documentos/ufc/semestre_10/reuso/trabalho3/Hotel-Management-System/src/GenerateBill.java,GenerateBill,GenerateBill/0,txtbill,33
/home/lucas/Documentos/ufc/semestre_10/reuso/trabalho3/Hotel-Management-System/src/GenerateBill.java,GenerateBill,GenerateBill/0,email,1
/home/lucas/Documentos/ufc/semestre_10/reuso/trabalho3/Hotel-Management-System/src/GenerateBill.java,GenerateBill,GenerateBill/0,nm,1
/home/lucas/Documentos/ufc/semestre_10/reuso/trabalho3/Hotel-Management-System/src/GenerateBill.java,GenerateBill,initComponents/0,jButton2,4
/home/lucas/Documentos/ufc/semestre_10/reuso/trabalho3/Hotel-Management-System/src/GenerateBill.java,GenerateBill,initComponents/0,jButton1,7
/home/lucas/Documentos/ufc/semestre_10/reuso/trabalho3/Hotel-Management-System/src/GenerateBill.java,GenerateBill,initComponents/0,jScrollPane1,3
/home/lucas/Documentos/ufc/semestre_10/reuso/trabalho3/Hotel-Management-System/src/GenerateBill.java,GenerateBill,initComponents/0,txtbill,7
/home/lucas/Documentos/ufc/semestre_10/reuso/trabalho3/Hotel-Management-System/src/GenerateBill.java,GenerateBill,initComponents/0,jLabel1,3
/home/lucas/Documentos/ufc/semestre_10/reuso/trabalho3/Hotel-Management-System/src/Start1.java,Start1,initComponents/0,jLabel3,3
/home/lucas/Documentos/ufc/semestre_10/reuso/trabalho3/Hotel-Management-System/src/Start1.java,Start1,initComponents/0,jLabel2,6
/home/lucas/Documentos/ufc/semestre_10/reuso/trabalho3/Hotel-Management-System/src/Start1.java,Start1,initComponents/0,jPanel1,8
/home/lucas/Documentos/ufc/semestre_10/reuso/trabalho3/Hotel-Management-System/src/Start1.java,Start1,initComponents/0,jProgressBar1,5
/home/lucas/Documentos/ufc/semestre_10/reuso/trabalho3/Hotel-Management-System/src/Start1.java,Start1,initComponents/0,jLabel1,4
/home/lucas/Documentos/ufc/semestre_10/reuso/trabalho3/Hotel-Management-System/src/CustomerCheckIn.java,CustomerCheckIn,combobedItemStateChanged/1[java.awt.event.ItemEvent],combobed,2
/home/lucas/Documentos/ufc/semestre_10/reuso/trabalho3/Hotel-Management-System/src/CustomerCheckIn.java,CustomerCheckIn,combobedItemStateChanged/1[java.awt.event.ItemEvent],comboroomtype,2
/home/lucas/Documentos/ufc/semestre_10/reuso/trabalho3/Hotel-Management-System/src/CustomerCheckIn.java,CustomerCheckIn,combobedItemStateChanged/1[java.awt.event.ItemEvent],txtprice,1
/home/lucas/Documentos/ufc/semestre_10/reuso/trabalho3/Hotel-Management-System/src/CustomerCheckIn.java,CustomerCheckIn,combobedItemStateChanged/1[java.awt.event.ItemEvent],comboroomnumber,4
/home/lucas/Documentos/ufc/semestre_10/reuso/trabalho3/Hotel-Management-System/src/CustomerCheckIn.java,CustomerCheckIn,jButton2ActionPerformed/1[java.awt.event.ActionEvent],txtnat,4
/home/lucas/Documentos/ufc/semestre_10/reuso/trabalho3/Hotel-Management-System/src/CustomerCheckIn.java,CustomerCheckIn,jButton2ActionPerformed/1[java.awt.event.ActionEvent],combobed,4
/home/lucas/Documentos/ufc/semestre_10/reuso/trabalho3/Hotel-Management-System/src/CustomerCheckIn.java,CustomerCheckIn,jButton2ActionPerformed/1[java.awt.event.ActionEvent],txtmob,6
/home/lucas/Documentos/ufc/semestre_10/reuso/trabalho3/Hotel-Management-System/src/CustomerCheckIn.java,CustomerCheckIn,jButton2ActionPerformed/1[java.awt.event.ActionEvent],txtemail,4
/home/lucas/Documentos/ufc/semestre_10/reuso/trabalho3/Hotel-Management-System/src/CustomerCheckIn.java,CustomerCheckIn,jButton2ActionPerformed/1[java.awt.event.ActionEvent],txtname,4
/home/lucas/Documentos/ufc/semestre_10/reuso/trabalho3/Hotel-Management-System/src/CustomerCheckIn.java,CustomerCheckIn,jButton2ActionPerformed/1[java.awt.event.ActionEvent],combogender,3
/home/lucas/Documentos/ufc/semestre_10/reuso/trabalho3/Hotel-Management-System/src/CustomerCheckIn.java,CustomerCheckIn,jButton2ActionPerformed/1[java.awt.event.ActionEvent],comboroomtype,4
/home/lucas/Documentos/ufc/semestre_10/reuso/trabalho3/Hotel-Management-System/src/CustomerCheckIn.java,CustomerCheckIn,jButton2ActionPerformed/1[java.awt.event.ActionEvent],txtaddres,5
/home/lucas/Documentos/ufc/semestre_10/reuso/trabalho3/Hotel-Management-System/src/CustomerCheckIn.java,CustomerCheckIn,jButton2ActionPerformed/1[java.awt.event.ActionEvent],txtdate,1
/home/lucas/Documentos/ufc/semestre_10/reuso/trabalho3/Hotel-Management-System/src/CustomerCheckIn.java,CustomerCheckIn,jButton2ActionPerformed/1[java.awt.event.ActionEvent],txtadhar,6
/home/lucas/Documentos/ufc/semestre_10/reuso/trabalho3/Hotel-Management-System/src/CustomerCheckIn.java,CustomerCheckIn,jButton2ActionPerformed/1[java.awt.event.ActionEvent],txtprice,4
/home/lucas/Documentos/ufc/semestre_10/reuso/trabalho3/Hotel-Management-System/src/CustomerCheckIn.java,CustomerCheckIn,jButton2ActionPerformed/1[java.awt.event.ActionEvent],comboroomnumber,7
/home/lucas/Documentos/ufc/semestre_10/reuso/trabalho3/Hotel-Management-System/src/CustomerCheckIn.java,CustomerCheckIn,initComponents/0,jLabel3,5
/home/lucas/Documentos/ufc/semestre_10/reuso/trabalho3/Hotel-Management-System/src/CustomerCheckIn.java,CustomerCheckIn,initComponents/0,jLabel2,5
/home/lucas/Documentos/ufc/semestre_10/reuso/trabalho3/Hotel-Management-System/src/CustomerCheckIn.java,CustomerCheckIn,initComponents/0,jLabel5,5
/home/lucas/Documentos/ufc/semestre_10/reuso/trabalho3/Hotel-Management-System/src/CustomerCheckIn.java,CustomerCheckIn,initComponents/0,jLabel4,5
/home/lucas/Documentos/ufc/semestre_10/reuso/trabalho3/Hotel-Management-System/src/CustomerCheckIn.java,CustomerCheckIn,initComponents/0,txtemail,5
/home/lucas/Documentos/ufc/semestre_10/reuso/trabalho3/Hotel-Management-System/src/CustomerCheckIn.java,CustomerCheckIn,initComponents/0,jLabel7,5
/home/lucas/Documentos/ufc/semestre_10/reuso/trabalho3/Hotel-Management-System/src/CustomerCheckIn.java,CustomerCheckIn,initComponents/0,jLabel6,5
/home/lucas/Documentos/ufc/semestre_10/reuso/trabalho3/Hotel-Management-System/src/CustomerCheckIn.java,CustomerCheckIn,initComponents/0,jLabel9,5
/home/lucas/Documentos/ufc/semestre_10/reuso/trabalho3/Hotel-Management-System/src/CustomerCheckIn.java,CustomerCheckIn,initComponents/0,jLabel8,5
/home/lucas/Documentos/ufc/semestre_10/reuso/trabalho3/Hotel-Management-System/src/CustomerCheckIn.java,CustomerCheckIn,initComponents/0,lblemail,4
/home/lucas/Documentos/ufc/semestre_10/reuso/trabalho3/Hotel-Management-System/src/CustomerCheckIn.java,CustomerCheckIn,initComponents/0,txtadhar,5
/home/lucas/Documentos/ufc/semestre_10/reuso/trabalho3/Hotel-Management-System/src/CustomerCheckIn.java,CustomerCheckIn,initComponents/0,jLabel1,6
/home/lucas/Documentos/ufc/semestre_10/reuso/trabalho3/Hotel-Management-System/src/CustomerCheckIn.java,CustomerCheckIn,initComponents/0,txtmob,5
/home/lucas/Documentos/ufc/semestre_10/reuso/trabalho3/Hotel-Management-System/src/CustomerCheckIn.java,CustomerCheckIn,initComponents/0,txtname,5
/home/lucas/Documentos/ufc/semestre_10/reuso/trabalho3/Hotel-Management-System/src/CustomerCheckIn.java,CustomerCheckIn,initComponents/0,txtaddres,6
/home/lucas/Documentos/ufc/semestre_10/reuso/trabalho3/Hotel-Management-System/src/CustomerCheckIn.java,CustomerCheckIn,initComponents/0,txtprice,4
/home/lucas/Documentos/ufc/semestre_10/reuso/trabalho3/Hotel-Management-System/src/CustomerCheckIn.java,CustomerCheckIn,initComponents/0,jButton3,7
/home/lucas/Documentos/ufc/semestre_10/reuso/trabalho3/Hotel-Management-System/src/CustomerCheckIn.java,CustomerCheckIn,initComponents/0,jButton2,8
/home/lucas/Documentos/ufc/semestre_10/reuso/trabalho3/Hotel-Management-System/src/CustomerCheckIn.java,CustomerCheckIn,initComponents/0,jButton1,4
/home/lucas/Documentos/ufc/semestre_10/reuso/trabalho3/Hotel-Management-System/src/CustomerCheckIn.java,CustomerCheckIn,initComponents/0,h,3
/home/lucas/Documentos/ufc/semestre_10/reuso/trabalho3/Hotel-Management-System/src/CustomerCheckIn.java,CustomerCheckIn,initComponents/0,comboroomnumber,4
/home/lucas/Documentos/ufc/semestre_10/reuso/trabalho3/Hotel-Management-System/src/CustomerCheckIn.java,CustomerCheckIn,initComponents/0,txtnat,5
/home/lucas/Documentos/ufc/semestre_10/reuso/trabalho3/Hotel-Management-System/src/CustomerCheckIn.java,CustomerCheckIn,initComponents/0,combobed,5
/home/lucas/Documentos/ufc/semestre_10/reuso/trabalho3/Hotel-Management-System/src/CustomerCheckIn.java,CustomerCheckIn,initComponents/0,combogender,7
/home/lucas/Documentos/ufc/semestre_10/reuso/trabalho3/Hotel-Management-System/src/CustomerCheckIn.java,CustomerCheckIn,initComponents/0,comboroomtype,7
/home/lucas/Documentos/ufc/semestre_10/reuso/trabalho3/Hotel-Management-System/src/CustomerCheckIn.java,CustomerCheckIn,initComponents/0,txtdate,5
/home/lucas/Documentos/ufc/semestre_10/reuso/trabalho3/Hotel-Management-System/src/CustomerCheckIn.java,CustomerCheckIn,initComponents/0,jLabel10,5
/home/lucas/Documentos/ufc/semestre_10/reuso/trabalho3/Hotel-Management-System/src/CustomerCheckIn.java,CustomerCheckIn,initComponents/0,jLabel11,5
/home/lucas/Documentos/ufc/semestre_10/reuso/trabalho3/Hotel-Management-System/src/CustomerCheckIn.java,CustomerCheckIn,initComponents/0,jLabel12,5
/home/lucas/Documentos/ufc/semestre_10/reuso/trabalho3/Hotel-Management-System/src/CustomerCheckIn.java,CustomerCheckIn,initComponents/0,jLabel13,5
/home/lucas/Documentos/ufc/semestre_10/reuso/trabalho3/Hotel-Management-System/src/CustomerCheckIn.java,CustomerCheckIn,txtnatKeyPressed/1[java.awt.event.KeyEvent],txtadhar,1
/home/lucas/Documentos/ufc/semestre_10/reuso/trabalho3/Hotel-Management-System/src/CustomerCheckIn.java,CustomerCheckIn,txtmobKeyPressed/1[java.awt.event.KeyEvent],txtemail,1
/home/lucas/Documentos/ufc/semestre_10/reuso/trabalho3/Hotel-Management-System/src/CustomerCheckIn.java,CustomerCheckIn,txtemailKeyReleased/1[java.awt.event.KeyEvent],txtemail,6
/home/lucas/Documentos/ufc/semestre_10/reuso/trabalho3/Hotel-Management-System/src/CustomerCheckIn.java,CustomerCheckIn,txtemailKeyReleased/1[java.awt.event.KeyEvent],lblemail,4
/home/lucas/Documentos/ufc/semestre_10/reuso/trabalho3/Hotel-Management-System/src/CustomerCheckIn.java,CustomerCheckIn,CustomerCheckIn/0,combobed,2
/home/lucas/Documentos/ufc/semestre_10/reuso/trabalho3/Hotel-Management-System/src/CustomerCheckIn.java,CustomerCheckIn,CustomerCheckIn/0,txtname,1
/home/lucas/Documentos/ufc/semestre_10/reuso/trabalho3/Hotel-Management-System/src/CustomerCheckIn.java,CustomerCheckIn,CustomerCheckIn/0,comboroomtype,2
/home/lucas/Documentos/ufc/semestre_10/reuso/trabalho3/Hotel-Management-System/src/CustomerCheckIn.java,CustomerCheckIn,CustomerCheckIn/0,txtdate,1
/home/lucas/Documentos/ufc/semestre_10/reuso/trabalho3/Hotel-Management-System/src/CustomerCheckIn.java,CustomerCheckIn,CustomerCheckIn/0,txtprice,1
/home/lucas/Documentos/ufc/semestre_10/reuso/trabalho3/Hotel-Management-System/src/CustomerCheckIn.java,CustomerCheckIn,CustomerCheckIn/0,comboroomnumber,3
/home/lucas/Documentos/ufc/semestre_10/reuso/trabalho3/Hotel-Management-System/src/CustomerCheckIn.java,CustomerCheckIn,comboroomnumberItemStateChanged/1[java.awt.event.ItemEvent],txtprice,1
/home/lucas/Documentos/ufc/semestre_10/reuso/trabalho3/Hotel-Management-System/src/CustomerCheckIn.java,CustomerCheckIn,comboroomnumberItemStateChanged/1[java.awt.event.ItemEvent],comboroomnumber,2
/home/lucas/Documentos/ufc/semestre_10/reuso/trabalho3/Hotel-Management-System/src/CustomerCheckIn.java,CustomerCheckIn,txtadharKeyPressed/1[java.awt.event.KeyEvent],txtaddres,1
/home/lucas/Documentos/ufc/semestre_10/reuso/trabalho3/Hotel-Management-System/src/CustomerCheckIn.java,CustomerCheckIn,txtnameKeyPressed/1[java.awt.event.KeyEvent],txtmob,1
/home/lucas/Documentos/ufc/semestre_10/reuso/trabalho3/Hotel-Management-System/src/CustomerCheckIn.java,CustomerCheckIn,jButton3ActionPerformed/1[java.awt.event.ActionEvent],txtnat,1
/home/lucas/Documentos/ufc/semestre_10/reuso/trabalho3/Hotel-Management-System/src/CustomerCheckIn.java,CustomerCheckIn,jButton3ActionPerformed/1[java.awt.event.ActionEvent],combobed,1
/home/lucas/Documentos/ufc/semestre_10/reuso/trabalho3/Hotel-Management-System/src/CustomerCheckIn.java,CustomerCheckIn,jButton3ActionPerformed/1[java.awt.event.ActionEvent],txtmob,1
/home/lucas/Documentos/ufc/semestre_10/reuso/trabalho3/Hotel-Management-System/src/CustomerCheckIn.java,CustomerCheckIn,jButton3ActionPerformed/1[java.awt.event.ActionEvent],txtemail,1
/home/lucas/Documentos/ufc/semestre_10/reuso/trabalho3/Hotel-Management-System/src/CustomerCheckIn.java,CustomerCheckIn,jButton3ActionPerformed/1[java.awt.event.ActionEvent],txtname,1
/home/lucas/Documentos/ufc/semestre_10/reuso/trabalho3/Hotel-Management-System/src/CustomerCheckIn.java,CustomerCheckIn,jButton3ActionPerformed/1[java.awt.event.ActionEvent],combogender,1
/home/lucas/Documentos/ufc/semestre_10/reuso/trabalho3/Hotel-Management-System/src/CustomerCheckIn.java,CustomerCheckIn,jButton3ActionPerformed/1[java.awt.event.ActionEvent],comboroomtype,1
/home/lucas/Documentos/ufc/semestre_10/reuso/trabalho3/Hotel-Management-System/src/CustomerCheckIn.java,CustomerCheckIn,jButton3ActionPerformed/1[java.awt.event.ActionEvent],txtaddres,1
/home/lucas/Documentos/ufc/semestre_10/reuso/trabalho3/Hotel-Management-System/src/CustomerCheckIn.java,CustomerCheckIn,jButton3ActionPerformed/1[java.awt.event.ActionEvent],txtadhar,1
/home/lucas/Documentos/ufc/semestre_10/reuso/trabalho3/Hotel-Management-System/src/CustomerCheckIn.java,CustomerCheckIn,jButton3ActionPerformed/1[java.awt.event.ActionEvent],txtprice,1
/home/lucas/Documentos/ufc/semestre_10/reuso/trabalho3/Hotel-Management-System/src/CustomerCheckIn.java,CustomerCheckIn,jButton3ActionPerformed/1[java.awt.event.ActionEvent],comboroomnumber,1
/home/lucas/Documentos/ufc/semestre_10/reuso/trabalho3/Hotel-Management-System/src/CustomerCheckIn.java,CustomerCheckIn,comboroomtypeItemStateChanged/1[java.awt.event.ItemEvent],combobed,2
/home/lucas/Documentos/ufc/semestre_10/reuso/trabalho3/Hotel-Management-System/src/CustomerCheckIn.java,CustomerCheckIn,comboroomtypeItemStateChanged/1[java.awt.event.ItemEvent],comboroomtype,2
/home/lucas/Documentos/ufc/semestre_10/reuso/trabalho3/Hotel-Management-System/src/CustomerCheckIn.java,CustomerCheckIn,comboroomtypeItemStateChanged/1[java.awt.event.ItemEvent],txtprice,1
/home/lucas/Documentos/ufc/semestre_10/reuso/trabalho3/Hotel-Management-System/src/CustomerCheckIn.java,CustomerCheckIn,comboroomtypeItemStateChanged/1[java.awt.event.ItemEvent],comboroomnumber,4
/home/lucas/Documentos/ufc/semestre_10/reuso/trabalho3/Hotel-Management-System/src/CustomerCheckIn.java,CustomerCheckIn,txtemailKeyPressed/1[java.awt.event.KeyEvent],combogender,1
/home/lucas/Documentos/ufc/semestre_10/reuso/trabalho3/Hotel-Management-System/src/CustomerCheckIn.java,CustomerCheckIn,combogenderKeyPressed/1[java.awt.event.KeyEvent],txtnat,1
/home/lucas/Documentos/ufc/semestre_10/reuso/trabalho3/Hotel-Management-System/src/SignIn.java,SignIn,SignIn/0,txtemail,1
/home/lucas/Documentos/ufc/semestre_10/reuso/trabalho3/Hotel-Management-System/src/SignIn.java,SignIn,jButton1ActionPerformed/1[java.awt.event.ActionEvent],txtpassword,2
/home/lucas/Documentos/ufc/semestre_10/reuso/trabalho3/Hotel-Management-System/src/SignIn.java,SignIn,jButton1ActionPerformed/1[java.awt.event.ActionEvent],txtemail,5
/home/lucas/Documentos/ufc/semestre_10/reuso/trabalho3/Hotel-Management-System/src/SignIn.java,SignIn,txtemailKeyPressed/1[java.awt.event.KeyEvent],txtpassword,1
/home/lucas/Documentos/ufc/semestre_10/reuso/trabalho3/Hotel-Management-System/src/SignIn.java,SignIn,txtpasswordKeyPressed/1[java.awt.event.KeyEvent],txtpassword,2
/home/lucas/Documentos/ufc/semestre_10/reuso/trabalho3/Hotel-Management-System/src/SignIn.java,SignIn,txtpasswordKeyPressed/1[java.awt.event.KeyEvent],txtemail,5
/home/lucas/Documentos/ufc/semestre_10/reuso/trabalho3/Hotel-Management-System/src/SignIn.java,SignIn,jLabel4MouseClicked/1[java.awt.event.MouseEvent],txtpassword,2
/home/lucas/Documentos/ufc/semestre_10/reuso/trabalho3/Hotel-Management-System/src/SignIn.java,SignIn,jLabel4MouseClicked/1[java.awt.event.MouseEvent],flag,3
/home/lucas/Documentos/ufc/semestre_10/reuso/trabalho3/Hotel-Management-System/src/SignIn.java,SignIn,jLabel4MouseClicked/1[java.awt.event.MouseEvent],jLabel4,2
/home/lucas/Documentos/ufc/semestre_10/reuso/trabalho3/Hotel-Management-System/src/SignIn.java,SignIn,initComponents/0,jButton3,7
/home/lucas/Documentos/ufc/semestre_10/reuso/trabalho3/Hotel-Management-System/src/SignIn.java,SignIn,initComponents/0,jLabel3,3
/home/lucas/Documentos/ufc/semestre_10/reuso/trabalho3/Hotel-Management-System/src/SignIn.java,SignIn,initComponents/0,jButton2,7
/home/lucas/Documentos/ufc/semestre_10/reuso/trabalho3/Hotel-Management-System/src/SignIn.java,SignIn,initComponents/0,jLabel2,6
/home/lucas/Documentos/ufc/semestre_10/reuso/trabalho3/Hotel-Management-System/src/SignIn.java,SignIn,initComponents/0,jLabel5,6
/home/lucas/Documentos/ufc/semestre_10/reuso/trabalho3/Hotel-Management-System/src/SignIn.java,SignIn,initComponents/0,jButton1,9
/home/lucas/Documentos/ufc/semestre_10/reuso/trabalho3/Hotel-Management-System/src/SignIn.java,SignIn,initComponents/0,jLabel4,4
/home/lucas/Documentos/ufc/semestre_10/reuso/trabalho3/Hotel-Management-System/src/SignIn.java,SignIn,initComponents/0,txtemail,5
/home/lucas/Documentos/ufc/semestre_10/reuso/trabalho3/Hotel-Management-System/src/SignIn.java,SignIn,initComponents/0,lblemail,3
/home/lucas/Documentos/ufc/semestre_10/reuso/trabalho3/Hotel-Management-System/src/SignIn.java,SignIn,initComponents/0,jLabel1,6
/home/lucas/Documentos/ufc/semestre_10/reuso/trabalho3/Hotel-Management-System/src/SignIn.java,SignIn,initComponents/0,jButton4,4
/home/lucas/Documentos/ufc/semestre_10/reuso/trabalho3/Hotel-Management-System/src/SignIn.java,SignIn,initComponents/0,txtpassword,4
/home/lucas/Documentos/ufc/semestre_10/reuso/trabalho3/Hotel-Management-System/src/SignIn.java,SignIn,initComponents/0,jPanel1,15
/home/lucas/Documentos/ufc/semestre_10/reuso/trabalho3/Hotel-Management-System/src/SignIn.java,SignIn,txtemailKeyReleased/1[java.awt.event.KeyEvent],txtpassword,1
/home/lucas/Documentos/ufc/semestre_10/reuso/trabalho3/Hotel-Management-System/src/SignIn.java,SignIn,txtemailKeyReleased/1[java.awt.event.KeyEvent],txtemail,6
/home/lucas/Documentos/ufc/semestre_10/reuso/trabalho3/Hotel-Management-System/src/SignIn.java,SignIn,txtemailKeyReleased/1[java.awt.event.KeyEvent],lblemail,4
/home/lucas/Documentos/ufc/semestre_10/reuso/trabalho3/Hotel-Management-System/src/ManageRoom.java,ManageRoom,jButton3ActionPerformed/1[java.awt.event.ActionEvent],jButton3,1
/home/lucas/Documentos/ufc/semestre_10/reuso/trabalho3/Hotel-Management-System/src/ManageRoom.java,ManageRoom,jButton3ActionPerformed/1[java.awt.event.ActionEvent],jButton2,1
/home/lucas/Documentos/ufc/semestre_10/reuso/trabalho3/Hotel-Management-System/src/ManageRoom.java,ManageRoom,jButton3ActionPerformed/1[java.awt.event.ActionEvent],jComboBox1,2
/home/lucas/Documentos/ufc/semestre_10/reuso/trabalho3/Hotel-Management-System/src/ManageRoom.java,ManageRoom,jButton3ActionPerformed/1[java.awt.event.ActionEvent],jComboBox2,2
/home/lucas/Documentos/ufc/semestre_10/reuso/trabalho3/Hotel-Management-System/src/ManageRoom.java,ManageRoom,jButton3ActionPerformed/1[java.awt.event.ActionEvent],txtprice,2
/home/lucas/Documentos/ufc/semestre_10/reuso/trabalho3/Hotel-Management-System/src/ManageRoom.java,ManageRoom,jButton3ActionPerformed/1[java.awt.event.ActionEvent],s2,1
/home/lucas/Documentos/ufc/semestre_10/reuso/trabalho3/Hotel-Management-System/src/ManageRoom.java,ManageRoom,jButton2ActionPerformed/1[java.awt.event.ActionEvent],jComboBox1,2
/home/lucas/Documentos/ufc/semestre_10/reuso/trabalho3/Hotel-Management-System/src/ManageRoom.java,ManageRoom,jButton2ActionPerformed/1[java.awt.event.ActionEvent],jComboBox2,2
/home/lucas/Documentos/ufc/semestre_10/reuso/trabalho3/Hotel-Management-System/src/ManageRoom.java,ManageRoom,jButton2ActionPerformed/1[java.awt.event.ActionEvent],txtno,5
/home/lucas/Documentos/ufc/semestre_10/reuso/trabalho3/Hotel-Management-System/src/ManageRoom.java,ManageRoom,jButton2ActionPerformed/1[java.awt.event.ActionEvent],txtprice,5
/home/lucas/Documentos/ufc/semestre_10/reuso/trabalho3/Hotel-Management-System/src/ManageRoom.java,ManageRoom,ManageRoom/0,jButton3,1
/home/lucas/Documentos/ufc/semestre_10/reuso/trabalho3/Hotel-Management-System/src/ManageRoom.java,ManageRoom,initComponents/0,jLabel3,5
/home/lucas/Documentos/ufc/semestre_10/reuso/trabalho3/Hotel-Management-System/src/ManageRoom.java,ManageRoom,initComponents/0,jButton3,7
/home/lucas/Documentos/ufc/semestre_10/reuso/trabalho3/Hotel-Management-System/src/ManageRoom.java,ManageRoom,initComponents/0,jLabel2,5
/home/lucas/Documentos/ufc/semestre_10/reuso/trabalho3/Hotel-Management-System/src/ManageRoom.java,ManageRoom,initComponents/0,jButton2,7
/home/lucas/Documentos/ufc/semestre_10/reuso/trabalho3/Hotel-Management-System/src/ManageRoom.java,ManageRoom,initComponents/0,jButton1,4
/home/lucas/Documentos/ufc/semestre_10/reuso/trabalho3/Hotel-Management-System/src/ManageRoom.java,ManageRoom,initComponents/0,jLabel5,5
/home/lucas/Documentos/ufc/semestre_10/reuso/trabalho3/Hotel-Management-System/src/ManageRoom.java,ManageRoom,initComponents/0,jLabel4,5
/home/lucas/Documentos/ufc/semestre_10/reuso/trabalho3/Hotel-Management-System/src/ManageRoom.java,ManageRoom,initComponents/0,jLabel7,5
/home/lucas/Documentos/ufc/semestre_10/reuso/trabalho3/Hotel-Management-System/src/ManageRoom.java,ManageRoom,initComponents/0,jLabel8,3
/home/lucas/Documentos/ufc/semestre_10/reuso/trabalho3/Hotel-Management-System/src/ManageRoom.java,ManageRoom,initComponents/0,jScrollPane1,3
/home/lucas/Documentos/ufc/semestre_10/reuso/trabalho3/Hotel-Management-System/src/ManageRoom.java,ManageRoom,initComponents/0,txtno,3
/home/lucas/Documentos/ufc/semestre_10/reuso/trabalho3/Hotel-Management-System/src/ManageRoom.java,ManageRoom,initComponents/0,jLabel1,6
/home/lucas/Documentos/ufc/semestre_10/reuso/trabalho3/Hotel-Management-System/src/ManageRoom.java,ManageRoom,initComponents/0,jComboBox1,4
/home/lucas/Documentos/ufc/semestre_10/reuso/trabalho3/Hotel-Management-System/src/ManageRoom.java,ManageRoom,initComponents/0,jComboBox2,4
/home/lucas/Documentos/ufc/semestre_10/reuso/trabalho3/Hotel-Management-System/src/ManageRoom.java,ManageRoom,initComponents/0,txtprice,4
/home/lucas/Documentos/ufc/semestre_10/reuso/trabalho3/Hotel-Management-System/src/ManageRoom.java,ManageRoom,initComponents/0,jTable1,4
/home/lucas/Documentos/ufc/semestre_10/reuso/trabalho3/Hotel-Management-System/src/ManageRoom.java,ManageRoom,jTable1MouseClicked/1[java.awt.event.MouseEvent],jButton3,1
/home/lucas/Documentos/ufc/semestre_10/reuso/trabalho3/Hotel-Management-System/src/ManageRoom.java,ManageRoom,jTable1MouseClicked/1[java.awt.event.MouseEvent],jButton2,1
/home/lucas/Documentos/ufc/semestre_10/reuso/trabalho3/Hotel-Management-System/src/ManageRoom.java,ManageRoom,jTable1MouseClicked/1[java.awt.event.MouseEvent],txtno,3
/home/lucas/Documentos/ufc/semestre_10/reuso/trabalho3/Hotel-Management-System/src/ManageRoom.java,ManageRoom,jTable1MouseClicked/1[java.awt.event.MouseEvent],txtprice,1
/home/lucas/Documentos/ufc/semestre_10/reuso/trabalho3/Hotel-Management-System/src/ManageRoom.java,ManageRoom,jTable1MouseClicked/1[java.awt.event.MouseEvent],jTable1,4
/home/lucas/Documentos/ufc/semestre_10/reuso/trabalho3/Hotel-Management-System/src/ManageRoom.java,ManageRoom,jTable1MouseClicked/1[java.awt.event.MouseEvent],s2,4
/home/lucas/Documentos/ufc/semestre_10/reuso/trabalho3/Hotel-Management-System/src/ManageRoom.java,ManageRoom,s/0,jTable1,1
/home/lucas/Documentos/ufc/semestre_10/reuso/trabalho3/Hotel-Management-System/src/CustomerCheckOut.java,CustomerCheckOut,s/0,jTable1,1
/home/lucas/Documentos/ufc/semestre_10/reuso/trabalho3/Hotel-Management-System/src/CustomerCheckOut.java,CustomerCheckOut,jButton2ActionPerformed/1[java.awt.event.ActionEvent],txtemail,2
/home/lucas/Documentos/ufc/semestre_10/reuso/trabalho3/Hotel-Management-System/src/CustomerCheckOut.java,CustomerCheckOut,jButton2ActionPerformed/1[java.awt.event.ActionEvent],txtamount,4
/home/lucas/Documentos/ufc/semestre_10/reuso/trabalho3/Hotel-Management-System/src/CustomerCheckOut.java,CustomerCheckOut,jButton2ActionPerformed/1[java.awt.event.ActionEvent],txtname,2
/home/lucas/Documentos/ufc/semestre_10/reuso/trabalho3/Hotel-Management-System/src/CustomerCheckOut.java,CustomerCheckOut,jButton2ActionPerformed/1[java.awt.event.ActionEvent],txtdate,2
/home/lucas/Documentos/ufc/semestre_10/reuso/trabalho3/Hotel-Management-System/src/CustomerCheckOut.java,CustomerCheckOut,jButton2ActionPerformed/1[java.awt.event.ActionEvent],txtprice,2
/home/lucas/Documentos/ufc/semestre_10/reuso/trabalho3/Hotel-Management-System/src/CustomerCheckOut.java,CustomerCheckOut,jButton2ActionPerformed/1[java.awt.event.ActionEvent],txtroomnumber,1
/home/lucas/Documentos/ufc/semestre_10/reuso/trabalho3/Hotel-Management-System/src/CustomerCheckOut.java,CustomerCheckOut,jButton2ActionPerformed/1[java.awt.event.ActionEvent],txtmobile,2
/home/lucas/Documentos/ufc/semestre_10/reuso/trabalho3/Hotel-Management-System/src/CustomerCheckOut.java,CustomerCheckOut,jButton2ActionPerformed/1[java.awt.event.ActionEvent],txtdays,2
/home/lucas/Documentos/ufc/semestre_10/reuso/trabalho3/Hotel-Management-System/src/CustomerCheckOut.java,CustomerCheckOut,CustomerCheckOut/0,txtoutdate,1
/home/lucas/Documentos/ufc/semestre_10/reuso/trabalho3/Hotel-Management-System/src/CustomerCheckOut.java,CustomerCheckOut,jTable1MouseClicked/1[java.awt.event.MouseEvent],txtemail,1
/home/lucas/Documentos/ufc/semestre_10/reuso/trabalho3/Hotel-Management-System/src/CustomerCheckOut.java,CustomerCheckOut,jTable1MouseClicked/1[java.awt.event.MouseEvent],txtamount,2
/home/lucas/Documentos/ufc/semestre_10/reuso/trabalho3/Hotel-Management-System/src/CustomerCheckOut.java,CustomerCheckOut,jTable1MouseClicked/1[java.awt.event.MouseEvent],txtname,1
/home/lucas/Documentos/ufc/semestre_10/reuso/trabalho3/Hotel-Management-System/src/CustomerCheckOut.java,CustomerCheckOut,jTable1MouseClicked/1[java.awt.event.MouseEvent],pri,2
/home/lucas/Documentos/ufc/semestre_10/reuso/trabalho3/Hotel-Management-System/src/CustomerCheckOut.java,CustomerCheckOut,jTable1MouseClicked/1[java.awt.event.MouseEvent],txtdate,1
/home/lucas/Documentos/ufc/semestre_10/reuso/trabalho3/Hotel-Management-System/src/CustomerCheckOut.java,CustomerCheckOut,jTable1MouseClicked/1[java.awt.event.MouseEvent],days,5
/home/lucas/Documentos/ufc/semestre_10/reuso/trabalho3/Hotel-Management-System/src/CustomerCheckOut.java,CustomerCheckOut,jTable1MouseClicked/1[java.awt.event.MouseEvent],txtroomnumber,1
/home/lucas/Documentos/ufc/semestre_10/reuso/trabalho3/Hotel-Management-System/src/CustomerCheckOut.java,CustomerCheckOut,jTable1MouseClicked/1[java.awt.event.MouseEvent],txtprice,1
/home/lucas/Documentos/ufc/semestre_10/reuso/trabalho3/Hotel-Management-System/src/CustomerCheckOut.java,CustomerCheckOut,jTable1MouseClicked/1[java.awt.event.MouseEvent],jTable1,2
/home/lucas/Documentos/ufc/semestre_10/reuso/trabalho3/Hotel-Management-System/src/CustomerCheckOut.java,CustomerCheckOut,jTable1MouseClicked/1[java.awt.event.MouseEvent],txtmobile,1
/home/lucas/Documentos/ufc/semestre_10/reuso/trabalho3/Hotel-Management-System/src/CustomerCheckOut.java,CustomerCheckOut,jTable1MouseClicked/1[java.awt.event.MouseEvent],txtdays,2
/home/lucas/Documentos/ufc/semestre_10/reuso/trabalho3/Hotel-Management-System/src/CustomerCheckOut.java,CustomerCheckOut,jButton4ActionPerformed/1[java.awt.event.ActionEvent],txtemail,1
/home/lucas/Documentos/ufc/semestre_10/reuso/trabalho3/Hotel-Management-System/src/CustomerCheckOut.java,CustomerCheckOut,jButton4ActionPerformed/1[java.awt.event.ActionEvent],txtamount,1
/home/lucas/Documentos/ufc/semestre_10/reuso/trabalho3/Hotel-Management-System/src/CustomerCheckOut.java,CustomerCheckOut,jButton4ActionPerformed/1[java.awt.event.ActionEvent],txtname,1
/home/lucas/Documentos/ufc/semestre_10/reuso/trabalho3/Hotel-Management-System/src/CustomerCheckOut.java,CustomerCheckOut,jButton4ActionPerformed/1[java.awt.event.ActionEvent],txtdate,1
/home/lucas/Documentos/ufc/semestre_10/reuso/trabalho3/Hotel-Management-System/src/CustomerCheckOut.java,CustomerCheckOut,jButton4ActionPerformed/1[java.awt.event.ActionEvent],txtprice,1
/home/lucas/Documentos/ufc/semestre_10/reuso/trabalho3/Hotel-Management-System/src/CustomerCheckOut.java,CustomerCheckOut,jButton4ActionPerformed/1[java.awt.event.ActionEvent],txtroomnumber,1
/home/lucas/Documentos/ufc/semestre_10/reuso/trabalho3/Hotel-Management-System/src/CustomerCheckOut.java,CustomerCheckOut,jButton4ActionPerformed/1[java.awt.event.ActionEvent],txtmobile,1
/home/lucas/Documentos/ufc/semestre_10/reuso/trabalho3/Hotel-Management-System/src/CustomerCheckOut.java,CustomerCheckOut,jButton4ActionPerformed/1[java.awt.event.ActionEvent],txtdays,1
/home/lucas/Documentos/ufc/semestre_10/reuso/trabalho3/Hotel-Management-System/src/CustomerCheckOut.java,CustomerCheckOut,initComponents/0,jLabel3,5
/home/lucas/Documentos/ufc/semestre_10/reuso/trabalho3/Hotel-Management-System/src/CustomerCheckOut.java,CustomerCheckOut,initComponents/0,jLabel2,5
/home/lucas/Documentos/ufc/semestre_10/reuso/trabalho3/Hotel-Management-System/src/CustomerCheckOut.java,CustomerCheckOut,initComponents/0,jLabel5,5
/home/lucas/Documentos/ufc/semestre_10/reuso/trabalho3/Hotel-Management-System/src/CustomerCheckOut.java,CustomerCheckOut,initComponents/0,jLabel4,5
/home/lucas/Documentos/ufc/semestre_10/reuso/trabalho3/Hotel-Management-System/src/CustomerCheckOut.java,CustomerCheckOut,initComponents/0,jLabel7,5
/home/lucas/Documentos/ufc/semestre_10/reuso/trabalho3/Hotel-Management-System/src/CustomerCheckOut.java,CustomerCheckOut,initComponents/0,txtemail,4
/home/lucas/Documentos/ufc/semestre_10/reuso/trabalho3/Hotel-Management-System/src/CustomerCheckOut.java,CustomerCheckOut,initComponents/0,jLabel6,5
/home/lucas/Documentos/ufc/semestre_10/reuso/trabalho3/Hotel-Management-System/src/CustomerCheckOut.java,CustomerCheckOut,initComponents/0,jLabel9,5
/home/lucas/Documentos/ufc/semestre_10/reuso/trabalho3/Hotel-Management-System/src/CustomerCheckOut.java,CustomerCheckOut,initComponents/0,jLabel8,5
/home/lucas/Documentos/ufc/semestre_10/reuso/trabalho3/Hotel-Management-System/src/CustomerCheckOut.java,CustomerCheckOut,initComponents/0,jScrollPane1,3
/home/lucas/Documentos/ufc/semestre_10/reuso/trabalho3/Hotel-Management-System/src/CustomerCheckOut.java,CustomerCheckOut,initComponents/0,jLabel1,6
/home/lucas/Documentos/ufc/semestre_10/reuso/trabalho3/Hotel-Management-System/src/CustomerCheckOut.java,CustomerCheckOut,initComponents/0,txtamount,4
/home/lucas/Documentos/ufc/semestre_10/reuso/trabalho3/Hotel-Management-System/src/CustomerCheckOut.java,CustomerCheckOut,initComponents/0,txtname,4
/home/lucas/Documentos/ufc/semestre_10/reuso/trabalho3/Hotel-Management-System/src/CustomerCheckOut.java,CustomerCheckOut,initComponents/0,txtprice,4
/home/lucas/Documentos/ufc/semestre_10/reuso/trabalho3/Hotel-Management-System/src/CustomerCheckOut.java,CustomerCheckOut,initComponents/0,jTable1,5
/home/lucas/Documentos/ufc/semestre_10/reuso/trabalho3/Hotel-Management-System/src/CustomerCheckOut.java,CustomerCheckOut,initComponents/0,jButton3,7
/home/lucas/Documentos/ufc/semestre_10/reuso/trabalho3/Hotel-Management-System/src/CustomerCheckOut.java,CustomerCheckOut,initComponents/0,jButton2,7
/home/lucas/Documentos/ufc/semestre_10/reuso/trabalho3/Hotel-Management-System/src/CustomerCheckOut.java,CustomerCheckOut,initComponents/0,jButton1,4
/home/lucas/Documentos/ufc/semestre_10/reuso/trabalho3/Hotel-Management-System/src/CustomerCheckOut.java,CustomerCheckOut,initComponents/0,txtoutdate,4
/home/lucas/Documentos/ufc/semestre_10/reuso/trabalho3/Hotel-Management-System/src/CustomerCheckOut.java,CustomerCheckOut,initComponents/0,txtdays,4
/home/lucas/Documentos/ufc/semestre_10/reuso/trabalho3/Hotel-Management-System/src/CustomerCheckOut.java,CustomerCheckOut,initComponents/0,jButton4,7
/home/lucas/Documentos/ufc/semestre_10/reuso/trabalho3/Hotel-Management-System/src/CustomerCheckOut.java,CustomerCheckOut,initComponents/0,txtdate,4
/home/lucas/Documentos/ufc/semestre_10/reuso/trabalho3/Hotel-Management-System/src/CustomerCheckOut.java,CustomerCheckOut,initComponents/0,jLabel10,5
/home/lucas/Documentos/ufc/semestre_10/reuso/trabalho3/Hotel-Management-System/src/CustomerCheckOut.java,CustomerCheckOut,initComponents/0,jLabel11,3
/home/lucas/Documentos/ufc/semestre_10/reuso/trabalho3/Hotel-Management-System/src/CustomerCheckOut.java,CustomerCheckOut,initComponents/0,txtroomnumber,4
/home/lucas/Documentos/ufc/semestre_10/reuso/trabalho3/Hotel-Management-System/src/CustomerCheckOut.java,CustomerCheckOut,initComponents/0,txtmobile,4
/home/lucas/Documentos/ufc/semestre_10/reuso/trabalho3/Hotel-Management-System/src/CustomerCheckOut.java,CustomerCheckOut,jButton3ActionPerformed/1[java.awt.event.ActionEvent],txtoutdate,1
/home/lucas/Documentos/ufc/semestre_10/reuso/trabalho3/Hotel-Management-System/src/CustomerCheckOut.java,CustomerCheckOut,jButton3ActionPerformed/1[java.awt.event.ActionEvent],txtamount,2
/home/lucas/Documentos/ufc/semestre_10/reuso/trabalho3/Hotel-Management-System/src/CustomerCheckOut.java,CustomerCheckOut,jButton3ActionPerformed/1[java.awt.event.ActionEvent],txtemail,1
/home/lucas/Documentos/ufc/semestre_10/reuso/trabalho3/Hotel-Management-System/src/CustomerCheckOut.java,CustomerCheckOut,jButton3ActionPerformed/1[java.awt.event.ActionEvent],txtname,2
/home/lucas/Documentos/ufc/semestre_10/reuso/trabalho3/Hotel-Management-System/src/CustomerCheckOut.java,CustomerCheckOut,jButton3ActionPerformed/1[java.awt.event.ActionEvent],txtdate,2
/home/lucas/Documentos/ufc/semestre_10/reuso/trabalho3/Hotel-Management-System/src/CustomerCheckOut.java,CustomerCheckOut,jButton3ActionPerformed/1[java.awt.event.ActionEvent],txtroomnumber,4
/home/lucas/Documentos/ufc/semestre_10/reuso/trabalho3/Hotel-Management-System/src/CustomerCheckOut.java,CustomerCheckOut,jButton3ActionPerformed/1[java.awt.event.ActionEvent],txtprice,1
/home/lucas/Documentos/ufc/semestre_10/reuso/trabalho3/Hotel-Management-System/src/CustomerCheckOut.java,CustomerCheckOut,jButton3ActionPerformed/1[java.awt.event.ActionEvent],txtdays,2
/home/lucas/Documentos/ufc/semestre_10/reuso/trabalho3/Hotel-Management-System/src/CustomerCheckOut.java,CustomerCheckOut,jButton3ActionPerformed/1[java.awt.event.ActionEvent],txtmobile,1
/home/lucas/Documentos/ufc/semestre_10/reuso/trabalho3/Hotel-Management-System/src/Start.java,Start,initComponents/0,jLabel1,3
/home/lucas/Documentos/ufc/semestre_10/reuso/trabalho3/Hotel-Management-System/src/PassWord.java,PassWord,txtpasswordKeyPressed/1[java.awt.event.KeyEvent],pst,7
/home/lucas/Documentos/ufc/semestre_10/reuso/trabalho3/Hotel-Management-System/src/PassWord.java,PassWord,txtpasswordKeyPressed/1[java.awt.event.KeyEvent],txtpassword,4
/home/lucas/Documentos/ufc/semestre_10/reuso/trabalho3/Hotel-Management-System/src/PassWord.java,PassWord,txtpasswordKeyPressed/1[java.awt.event.KeyEvent],st,1
/home/lucas/Documentos/ufc/semestre_10/reuso/trabalho3/Hotel-Management-System/src/PassWord.java,PassWord,txtpasswordKeyPressed/1[java.awt.event.KeyEvent],rs,2
/home/lucas/Documentos/ufc/semestre_10/reuso/trabalho3/Hotel-Management-System/src/PassWord.java,PassWord,txtpasswordKeyPressed/1[java.awt.event.KeyEvent],txtsq,2
/home/lucas/Documentos/ufc/semestre_10/reuso/trabalho3/Hotel-Management-System/src/PassWord.java,PassWord,txtpasswordKeyPressed/1[java.awt.event.KeyEvent],txtemail,2
/home/lucas/Documentos/ufc/semestre_10/reuso/trabalho3/Hotel-Management-System/src/PassWord.java,PassWord,txtpasswordKeyPressed/1[java.awt.event.KeyEvent],txtans,4
/home/lucas/Documentos/ufc/semestre_10/reuso/trabalho3/Hotel-Management-System/src/PassWord.java,PassWord,PassWord/0,txtsq,1
/home/lucas/Documentos/ufc/semestre_10/reuso/trabalho3/Hotel-Management-System/src/PassWord.java,PassWord,btnsearchActionPerformed/1[java.awt.event.ActionEvent],pst,3
/home/lucas/Documentos/ufc/semestre_10/reuso/trabalho3/Hotel-Management-System/src/PassWord.java,PassWord,btnsearchActionPerformed/1[java.awt.event.ActionEvent],rs,3
/home/lucas/Documentos/ufc/semestre_10/reuso/trabalho3/Hotel-Management-System/src/PassWord.java,PassWord,btnsearchActionPerformed/1[java.awt.event.ActionEvent],txtpassword,1
/home/lucas/Documentos/ufc/semestre_10/reuso/trabalho3/Hotel-Management-System/src/PassWord.java,PassWord,btnsearchActionPerformed/1[java.awt.event.ActionEvent],txtemail,1
/home/lucas/Documentos/ufc/semestre_10/reuso/trabalho3/Hotel-Management-System/src/PassWord.java,PassWord,btnsearchActionPerformed/1[java.awt.event.ActionEvent],txtsq,1
/home/lucas/Documentos/ufc/semestre_10/reuso/trabalho3/Hotel-Management-System/src/PassWord.java,PassWord,btnsearchActionPerformed/1[java.awt.event.ActionEvent],txtans,1
/home/lucas/Documentos/ufc/semestre_10/reuso/trabalho3/Hotel-Management-System/src/PassWord.java,PassWord,initComponents/0,jLabel3,6
/home/lucas/Documentos/ufc/semestre_10/reuso/trabalho3/Hotel-Management-System/src/PassWord.java,PassWord,initComponents/0,jButton3,8
/home/lucas/Documentos/ufc/semestre_10/reuso/trabalho3/Hotel-Management-System/src/PassWord.java,PassWord,initComponents/0,jLabel2,6
/home/lucas/Documentos/ufc/semestre_10/reuso/trabalho3/Hotel-Management-System/src/PassWord.java,PassWord,initComponents/0,jButton2,8
/home/lucas/Documentos/ufc/semestre_10/reuso/trabalho3/Hotel-Management-System/src/PassWord.java,PassWord,initComponents/0,jLabel5,3
/home/lucas/Documentos/ufc/semestre_10/reuso/trabalho3/Hotel-Management-System/src/PassWord.java,PassWord,initComponents/0,jLabel4,6
/home/lucas/Documentos/ufc/semestre_10/reuso/trabalho3/Hotel-Management-System/src/PassWord.java,PassWord,initComponents/0,txtemail,5
/home/lucas/Documentos/ufc/semestre_10/reuso/trabalho3/Hotel-Management-System/src/PassWord.java,PassWord,initComponents/0,jLabel6,6
/home/lucas/Documentos/ufc/semestre_10/reuso/trabalho3/Hotel-Management-System/src/PassWord.java,PassWord,initComponents/0,btnsearch,8
/home/lucas/Documentos/ufc/semestre_10/reuso/trabalho3/Hotel-Management-System/src/PassWord.java,PassWord,initComponents/0,lblemail,4
/home/lucas/Documentos/ufc/semestre_10/reuso/trabalho3/Hotel-Management-System/src/PassWord.java,PassWord,initComponents/0,jLabel1,6
/home/lucas/Documentos/ufc/semestre_10/reuso/trabalho3/Hotel-Management-System/src/PassWord.java,PassWord,initComponents/0,txtpassword,5
/home/lucas/Documentos/ufc/semestre_10/reuso/trabalho3/Hotel-Management-System/src/PassWord.java,PassWord,initComponents/0,txtsq,4
/home/lucas/Documentos/ufc/semestre_10/reuso/trabalho3/Hotel-Management-System/src/PassWord.java,PassWord,initComponents/0,jPanel1,5
/home/lucas/Documentos/ufc/semestre_10/reuso/trabalho3/Hotel-Management-System/src/PassWord.java,PassWord,initComponents/0,txtans,5
/home/lucas/Documentos/ufc/semestre_10/reuso/trabalho3/Hotel-Management-System/src/PassWord.java,PassWord,jButton2ActionPerformed/1[java.awt.event.ActionEvent],pst,8
/home/lucas/Documentos/ufc/semestre_10/reuso/trabalho3/Hotel-Management-System/src/PassWord.java,PassWord,jButton2ActionPerformed/1[java.awt.event.ActionEvent],txtpassword,4
/home/lucas/Documentos/ufc/semestre_10/reuso/trabalho3/Hotel-Management-System/src/PassWord.java,PassWord,jButton2ActionPerformed/1[java.awt.event.ActionEvent],rs,2
/home/lucas/Documentos/ufc/semestre_10/reuso/trabalho3/Hotel-Management-System/src/PassWord.java,PassWord,jButton2ActionPerformed/1[java.awt.event.ActionEvent],txtsq,1
/home/lucas/Documentos/ufc/semestre_10/reuso/trabalho3/Hotel-Management-System/src/PassWord.java,PassWord,jButton2ActionPerformed/1[java.awt.event.ActionEvent],txtemail,3
/home/lucas/Documentos/ufc/semestre_10/reuso/trabalho3/Hotel-Management-System/src/PassWord.java,PassWord,jButton2ActionPerformed/1[java.awt.event.ActionEvent],txtans,4
/home/lucas/Documentos/ufc/semestre_10/reuso/trabalho3/Hotel-Management-System/src/PassWord.java,PassWord,txtansKeyPressed/1[java.awt.event.KeyEvent],txtpassword,1
/home/lucas/Documentos/ufc/semestre_10/reuso/trabalho3/Hotel-Management-System/src/PassWord.java,PassWord,txtemailKeyReleased/1[java.awt.event.KeyEvent],txtpassword,1
/home/lucas/Documentos/ufc/semestre_10/reuso/trabalho3/Hotel-Management-System/src/PassWord.java,PassWord,txtemailKeyReleased/1[java.awt.event.KeyEvent],txtemail,6
/home/lucas/Documentos/ufc/semestre_10/reuso/trabalho3/Hotel-Management-System/src/PassWord.java,PassWord,txtemailKeyReleased/1[java.awt.event.KeyEvent],lblemail,4
/home/lucas/Documentos/ufc/semestre_10/reuso/trabalho3/Hotel-Management-System/src/Signup.java,Signup,jButton1ActionPerformed/1[java.awt.event.ActionEvent],txtpassword,3
/home/lucas/Documentos/ufc/semestre_10/reuso/trabalho3/Hotel-Management-System/src/Signup.java,Signup,jButton1ActionPerformed/1[java.awt.event.ActionEvent],txtemail,5
/home/lucas/Documentos/ufc/semestre_10/reuso/trabalho3/Hotel-Management-System/src/Signup.java,Signup,jButton1ActionPerformed/1[java.awt.event.ActionEvent],txtname,3
/home/lucas/Documentos/ufc/semestre_10/reuso/trabalho3/Hotel-Management-System/src/Signup.java,Signup,jButton1ActionPerformed/1[java.awt.event.ActionEvent],txtans,3
/home/lucas/Documentos/ufc/semestre_10/reuso/trabalho3/Hotel-Management-System/src/Signup.java,Signup,jButton1ActionPerformed/1[java.awt.event.ActionEvent],jComboBox1,2
/home/lucas/Documentos/ufc/semestre_10/reuso/trabalho3/Hotel-Management-System/src/Signup.java,Signup,txtansKeyPressed/1[java.awt.event.KeyEvent],txtpassword,3
/home/lucas/Documentos/ufc/semestre_10/reuso/trabalho3/Hotel-Management-System/src/Signup.java,Signup,txtansKeyPressed/1[java.awt.event.KeyEvent],txtemail,5
/home/lucas/Documentos/ufc/semestre_10/reuso/trabalho3/Hotel-Management-System/src/Signup.java,Signup,txtansKeyPressed/1[java.awt.event.KeyEvent],txtname,3
/home/lucas/Documentos/ufc/semestre_10/reuso/trabalho3/Hotel-Management-System/src/Signup.java,Signup,txtansKeyPressed/1[java.awt.event.KeyEvent],txtans,3
/home/lucas/Documentos/ufc/semestre_10/reuso/trabalho3/Hotel-Management-System/src/Signup.java,Signup,txtansKeyPressed/1[java.awt.event.KeyEvent],jComboBox1,2
/home/lucas/Documentos/ufc/semestre_10/reuso/trabalho3/Hotel-Management-System/src/Signup.java,Signup,initComponents/0,jLabel3,5
/home/lucas/Documentos/ufc/semestre_10/reuso/trabalho3/Hotel-Management-System/src/Signup.java,Signup,initComponents/0,jButton2,7
/home/lucas/Documentos/ufc/semestre_10/reuso/trabalho3/Hotel-Management-System/src/Signup.java,Signup,initComponents/0,jLabel2,5
/home/lucas/Documentos/ufc/semestre_10/reuso/trabalho3/Hotel-Management-System/src/Signup.java,Signup,initComponents/0,jLabel5,5
/home/lucas/Documentos/ufc/semestre_10/reuso/trabalho3/Hotel-Management-System/src/Signup.java,Signup,initComponents/0,jButton1,6
/home/lucas/Documentos/ufc/semestre_10/reuso/trabalho3/Hotel-Management-System/src/Signup.java,Signup,initComponents/0,jLabel4,5
/home/lucas/Documentos/ufc/semestre_10/reuso/trabalho3/Hotel-Management-System/src/Signup.java,Signup,initComponents/0,txtemail,4
/home/lucas/Documentos/ufc/semestre_10/reuso/trabalho3/Hotel-Management-System/src/Signup.java,Signup,initComponents/0,jLabel7,5
/home/lucas/Documentos/ufc/semestre_10/reuso/trabalho3/Hotel-Management-System/src/Signup.java,Signup,initComponents/0,jLabel6,5
/home/lucas/Documentos/ufc/semestre_10/reuso/trabalho3/Hotel-Management-System/src/Signup.java,Signup,initComponents/0,jLabel9,4
/home/lucas/Documentos/ufc/semestre_10/reuso/trabalho3/Hotel-Management-System/src/Signup.java,Signup,initComponents/0,jLabel8,3
/home/lucas/Documentos/ufc/semestre_10/reuso/trabalho3/Hotel-Management-System/src/Signup.java,Signup,initComponents/0,lblemail,3
/home/lucas/Documentos/ufc/semestre_10/reuso/trabalho3/Hotel-Management-System/src/Signup.java,Signup,initComponents/0,jLabel1,4
/home/lucas/Documentos/ufc/semestre_10/reuso/trabalho3/Hotel-Management-System/src/Signup.java,Signup,initComponents/0,txtpassword,5
/home/lucas/Documentos/ufc/semestre_10/reuso/trabalho3/Hotel-Management-System/src/Signup.java,Signup,initComponents/0,jPanel1,19
/home/lucas/Documentos/ufc/semestre_10/reuso/trabalho3/Hotel-Management-System/src/Signup.java,Signup,initComponents/0,txtname,5
/home/lucas/Documentos/ufc/semestre_10/reuso/trabalho3/Hotel-Management-System/src/Signup.java,Signup,initComponents/0,txtans,5
/home/lucas/Documentos/ufc/semestre_10/reuso/trabalho3/Hotel-Management-System/src/Signup.java,Signup,initComponents/0,jComboBox1,5
/home/lucas/Documentos/ufc/semestre_10/reuso/trabalho3/Hotel-Management-System/src/Signup.java,Signup,txtnameKeyPressed/1[java.awt.event.KeyEvent],txtemail,1
/home/lucas/Documentos/ufc/semestre_10/reuso/trabalho3/Hotel-Management-System/src/Signup.java,Signup,txtpasswordKeyPressed/1[java.awt.event.KeyEvent],jComboBox1,1
/home/lucas/Documentos/ufc/semestre_10/reuso/trabalho3/Hotel-Management-System/src/Signup.java,Signup,txtemailKeyPressed/1[java.awt.event.KeyEvent],txtpassword,1
/home/lucas/Documentos/ufc/semestre_10/reuso/trabalho3/Hotel-Management-System/src/Signup.java,Signup,txtemailKeyReleased/1[java.awt.event.KeyEvent],txtpassword,1
/home/lucas/Documentos/ufc/semestre_10/reuso/trabalho3/Hotel-Management-System/src/Signup.java,Signup,txtemailKeyReleased/1[java.awt.event.KeyEvent],txtemail,6
/home/lucas/Documentos/ufc/semestre_10/reuso/trabalho3/Hotel-Management-System/src/Signup.java,Signup,txtemailKeyReleased/1[java.awt.event.KeyEvent],lblemail,4
/home/lucas/Documentos/ufc/semestre_10/reuso/trabalho3/Hotel-Management-System/src/Signup.java,Signup,jLabel9MouseClicked/1[java.awt.event.MouseEvent],txtpassword,2
/home/lucas/Documentos/ufc/semestre_10/reuso/trabalho3/Hotel-Management-System/src/Signup.java,Signup,jLabel9MouseClicked/1[java.awt.event.MouseEvent],flag,3
/home/lucas/Documentos/ufc/semestre_10/reuso/trabalho3/Hotel-Management-System/src/Signup.java,Signup,jLabel9MouseClicked/1[java.awt.event.MouseEvent],jLabel9,2
/home/lucas/Documentos/ufc/semestre_10/reuso/trabalho3/Hotel-Management-System/src/Signup.java,Signup,jComboBox1KeyPressed/1[java.awt.event.KeyEvent],txtans,1
/home/lucas/Documentos/ufc/semestre_10/reuso/trabalho3/Hotel-Management-System/src/Admin.java,Admin$Anonymous2,"isCellEditable/2[int,int]",canEdit,1
/home/lucas/Documentos/ufc/semestre_10/reuso/trabalho3/Hotel-Management-System/src/ManageRoom.java,ManageRoom$Anonymous2,"isCellEditable/2[int,int]",canEdit,1
/home/lucas/Documentos/ufc/semestre_10/reuso/trabalho3/Hotel-Management-System/src/CustomerDetailsBill.java,CustomerDetailsBill,s/0,jTable1,1
/home/lucas/Documentos/ufc/semestre_10/reuso/trabalho3/Hotel-Management-System/src/CustomerDetailsBill.java,CustomerDetailsBill,CustomerDetailsBill/0,txtdate,1
/home/lucas/Documentos/ufc/semestre_10/reuso/trabalho3/Hotel-Management-System/src/CustomerDetailsBill.java,CustomerDetailsBill,initComponents/0,jButton3,7
/home/lucas/Documentos/ufc/semestre_10/reuso/trabalho3/Hotel-Management-System/src/CustomerDetailsBill.java,CustomerDetailsBill,initComponents/0,jLabel3,3
/home/lucas/Documentos/ufc/semestre_10/reuso/trabalho3/Hotel-Management-System/src/CustomerDetailsBill.java,CustomerDetailsBill,initComponents/0,jLabel2,5
/home/lucas/Documentos/ufc/semestre_10/reuso/trabalho3/Hotel-Management-System/src/CustomerDetailsBill.java,CustomerDetailsBill,initComponents/0,jButton2,7
/home/lucas/Documentos/ufc/semestre_10/reuso/trabalho3/Hotel-Management-System/src/CustomerDetailsBill.java,CustomerDetailsBill,initComponents/0,jButton1,4
/home/lucas/Documentos/ufc/semestre_10/reuso/trabalho3/Hotel-Management-System/src/CustomerDetailsBill.java,CustomerDetailsBill,initComponents/0,jLabel4,5
/home/lucas/Documentos/ufc/semestre_10/reuso/trabalho3/Hotel-Management-System/src/CustomerDetailsBill.java,CustomerDetailsBill,initComponents/0,txtdate,4
/home/lucas/Documentos/ufc/semestre_10/reuso/trabalho3/Hotel-Management-System/src/CustomerDetailsBill.java,CustomerDetailsBill,initComponents/0,jScrollPane1,3
/home/lucas/Documentos/ufc/semestre_10/reuso/trabalho3/Hotel-Management-System/src/CustomerDetailsBill.java,CustomerDetailsBill,initComponents/0,jTable1,4
/home/lucas/Documentos/ufc/semestre_10/reuso/trabalho3/Hotel-Management-System/src/CustomerDetailsBill.java,CustomerDetailsBill,initComponents/0,jLabel1,6
/home/lucas/Documentos/ufc/semestre_10/reuso/trabalho3/Hotel-Management-System/src/CustomerDetailsBill.java,CustomerDetailsBill,jTable1MouseClicked/1[java.awt.event.MouseEvent],idd,1
/home/lucas/Documentos/ufc/semestre_10/reuso/trabalho3/Hotel-Management-System/src/CustomerDetailsBill.java,CustomerDetailsBill,jTable1MouseClicked/1[java.awt.event.MouseEvent],jTable1,2
/home/lucas/Documentos/ufc/semestre_10/reuso/trabalho3/Hotel-Management-System/src/CustomerDetailsBill.java,CustomerDetailsBill,jButton2ActionPerformed/1[java.awt.event.ActionEvent],txtdate,1
/home/lucas/Documentos/ufc/semestre_10/reuso/trabalho3/Hotel-Management-System/src/CustomerDetailsBill.java,CustomerDetailsBill,jButton2ActionPerformed/1[java.awt.event.ActionEvent],jTable1,1
/home/lucas/Documentos/ufc/semestre_10/reuso/trabalho3/Hotel-Management-System/src/Home.java,Home,initComponents/0,jButton3,7
/home/lucas/Documentos/ufc/semestre_10/reuso/trabalho3/Hotel-Management-System/src/Home.java,Home,initComponents/0,jButton2,7
/home/lucas/Documentos/ufc/semestre_10/reuso/trabalho3/Hotel-Management-System/src/Home.java,Home,initComponents/0,jButton1,7
/home/lucas/Documentos/ufc/semestre_10/reuso/trabalho3/Hotel-Management-System/src/Home.java,Home,initComponents/0,jButton6,5
/home/lucas/Documentos/ufc/semestre_10/reuso/trabalho3/Hotel-Management-System/src/Home.java,Home,initComponents/0,jButton5,5
/home/lucas/Documentos/ufc/semestre_10/reuso/trabalho3/Hotel-Management-System/src/Home.java,Home,initComponents/0,jLabel1,3
/home/lucas/Documentos/ufc/semestre_10/reuso/trabalho3/Hotel-Management-System/src/Home.java,Home,initComponents/0,jButton4,7
/home/lucas/Documentos/ufc/semestre_10/reuso/trabalho3/Hotel-Management-System/src/CustomerDetailsBill.java,CustomerDetailsBill$Anonymous3,"isCellEditable/2[int,int]",canEdit,1
/home/lucas/Documentos/ufc/semestre_10/reuso/trabalho3/Hotel-Management-System/src/Admin.java,Admin,jButton1ActionPerformed/1[java.awt.event.ActionEvent],txtemail,2
/home/lucas/Documentos/ufc/semestre_10/reuso/trabalho3/Hotel-Management-System/src/Admin.java,Admin,jButton1ActionPerformed/1[java.awt.event.ActionEvent],jTable1,1
/home/lucas/Documentos/ufc/semestre_10/reuso/trabalho3/Hotel-Management-System/src/Admin.java,Admin,jTable1MouseClicked/1[java.awt.event.MouseEvent],jTable1,2
/home/lucas/Documentos/ufc/semestre_10/reuso/trabalho3/Hotel-Management-System/src/Admin.java,Admin,s/0,jTable1,1
/home/lucas/Documentos/ufc/semestre_10/reuso/trabalho3/Hotel-Management-System/src/Admin.java,Admin,Admin/0,txtemail,1
/home/lucas/Documentos/ufc/semestre_10/reuso/trabalho3/Hotel-Management-System/src/Admin.java,Admin,initComponents/0,jButton3,7
/home/lucas/Documentos/ufc/semestre_10/reuso/trabalho3/Hotel-Management-System/src/Admin.java,Admin,initComponents/0,jLabel2,5
/home/lucas/Documentos/ufc/semestre_10/reuso/trabalho3/Hotel-Management-System/src/Admin.java,Admin,initComponents/0,jButton2,4
/home/lucas/Documentos/ufc/semestre_10/reuso/trabalho3/Hotel-Management-System/src/Admin.java,Admin,initComponents/0,jButton1,7
/home/lucas/Documentos/ufc/semestre_10/reuso/trabalho3/Hotel-Management-System/src/Admin.java,Admin,initComponents/0,jLabel4,3
/home/lucas/Documentos/ufc/semestre_10/reuso/trabalho3/Hotel-Management-System/src/Admin.java,Admin,initComponents/0,txtemail,2
/home/lucas/Documentos/ufc/semestre_10/reuso/trabalho3/Hotel-Management-System/src/Admin.java,Admin,initComponents/0,jScrollPane1,3
/home/lucas/Documentos/ufc/semestre_10/reuso/trabalho3/Hotel-Management-System/src/Admin.java,Admin,initComponents/0,jTable1,6
/home/lucas/Documentos/ufc/semestre_10/reuso/trabalho3/Hotel-Management-System/src/Admin.java,Admin,initComponents/0,jLabel1,5
/home/lucas/Documentos/ufc/semestre_10/reuso/trabalho3/Hotel-Management-System/src/CustomerCheckOut.java,CustomerCheckOut$Anonymous4,"isCellEditable/2[int,int]",canEdit,1
