file,class,method,constructor,line,cbo,cboModified,fanin,fanout,wmc,rfc,loc,returnsQty,variablesQty,parametersQty,methodsInvokedQty,methodsInvokedLocalQty,methodsInvokedIndirectLocalQty,loopQty,comparisonsQty,tryCatchQty,parenthesizedExpsQty,stringLiteralsQty,numbersQty,assignmentsQty,mathOperationsQty,maxNestedBlocksQty,anonymousClassesQty,innerClassesQty,lambdasQty,uniqueWordsQty,modifiers,logStatementsQty,hasJavaDoc
/home/lucas/Documentos/ufc/semestre_10/reuso/trabalho3/Hotel-Management-System/src/CustomerCheckIn.java,CustomerCheckIn$Anonymous19,itemStateChanged/1[java.awt.event.ItemEvent],false,285,1,3,0,3,1,1,3,0,0,1,1,0,0,0,0,0,0,0,0,0,0,0,0,0,0,6,1,0,false
/home/lucas/Documentos/ufc/semestre_10/reuso/trabalho3/Hotel-Management-System/src/GenerateBill.java,GenerateBill$Anonymous5,run/0,false,199,1,12,0,12,1,1,3,0,0,0,1,0,0,0,0,0,0,0,0,0,0,0,0,0,0,4,1,0,false
/home/lucas/Documentos/ufc/semestre_10/reuso/trabalho3/Hotel-Management-System/src/Signup.java,Signup$Anonymous12,mouseClicked/1[java.awt.event.MouseEvent],false,186,1,9,0,9,1,1,3,0,0,1,1,0,0,0,0,0,0,0,0,0,0,0,0,0,0,6,1,0,false
/home/lucas/Documentos/ufc/semestre_10/reuso/trabalho3/Hotel-Management-System/src/Signup.java,Signup$Anonymous13,run/0,false,451,1,12,0,12,1,1,3,0,0,0,1,0,0,0,0,0,0,0,0,0,0,0,0,0,0,3,1,0,false
/home/lucas/Documentos/ufc/semestre_10/reuso/trabalho3/Hotel-Management-System/src/GenerateBill.java,GenerateBill,main/1[java.lang.String[]],false,173,1,1,0,1,7,9,28,0,0,1,9,0,0,1,0,1,0,1,0,0,0,3,1,0,0,20,9,0,true
/home/lucas/Documentos/ufc/semestre_10/reuso/trabalho3/Hotel-Management-System/src/GenerateBill.java,GenerateBill,connect/0,false,58,1,1,1,0,3,10,27,0,3,0,10,0,0,0,0,1,0,16,1,14,0,2,0,0,0,31,1,0,false
/home/lucas/Documentos/ufc/semestre_10/reuso/trabalho3/Hotel-Management-System/src/GenerateBill.java,GenerateBill,formFocusLost/1[java.awt.event.FocusEvent],false,149,0,1,1,0,1,0,2,0,0,1,0,0,0,0,0,0,0,0,0,0,0,0,0,0,0,4,2,0,false
/home/lucas/Documentos/ufc/semestre_10/reuso/trabalho3/Hotel-Management-System/src/GenerateBill.java,GenerateBill,jButton1ActionPerformed/1[java.awt.event.ActionEvent],false,162,1,1,1,0,2,4,8,0,0,1,4,0,0,0,0,1,0,0,0,0,0,1,0,0,0,8,2,0,false
/home/lucas/Documentos/ufc/semestre_10/reuso/trabalho3/Hotel-Management-System/src/GenerateBill.java,GenerateBill,GenerateBill/0,true,37,1,4,2,2,1,4,21,0,0,0,4,2,1,0,0,0,0,30,0,0,16,0,0,0,0,32,1,0,true
/home/lucas/Documentos/ufc/semestre_10/reuso/trabalho3/Hotel-Management-System/src/GenerateBill.java,GenerateBill,jButton2ActionPerformed/1[java.awt.event.ActionEvent],false,157,0,1,1,0,1,1,3,0,0,1,1,0,0,0,0,0,0,0,0,0,0,0,0,0,0,6,2,0,false
/home/lucas/Documentos/ufc/semestre_10/reuso/trabalho3/Hotel-Management-System/src/GenerateBill.java,GenerateBill,txtbillFocusLost/1[java.awt.event.FocusEvent],false,153,0,1,1,0,1,0,2,0,0,1,0,0,0,0,0,0,0,0,0,0,0,0,0,0,0,4,2,0,false
/home/lucas/Documentos/ufc/semestre_10/reuso/trabalho3/Hotel-Management-System/src/GenerateBill.java,GenerateBill,initComponents/0,false,93,1,2,1,1,1,22,51,0,0,0,22,0,0,0,0,0,0,6,28,5,0,0,4,0,0,60,2,0,true
/home/lucas/Documentos/ufc/semestre_10/reuso/trabalho3/Hotel-Management-System/src/Signup.java,Signup$Anonymous10,keyPressed/1[java.awt.event.KeyEvent],false,138,1,15,0,15,1,1,3,0,0,1,1,0,0,0,0,0,0,0,0,0,0,0,0,0,0,5,1,0,false
/home/lucas/Documentos/ufc/semestre_10/reuso/trabalho3/Hotel-Management-System/src/Signup.java,Signup$Anonymous11,actionPerformed/1[java.awt.event.ActionEvent],false,178,1,43,0,43,1,1,3,0,0,1,1,0,0,0,0,0,0,0,0,0,0,0,0,0,0,6,1,0,false
/home/lucas/Documentos/ufc/semestre_10/reuso/trabalho3/Hotel-Management-System/src/CustomerCheckIn.java,CustomerCheckIn$Anonymous21,actionPerformed/1[java.awt.event.ActionEvent],false,298,1,43,0,43,1,1,3,0,0,1,1,0,0,0,0,0,0,0,0,0,0,0,0,0,0,5,1,0,false
/home/lucas/Documentos/ufc/semestre_10/reuso/trabalho3/Hotel-Management-System/src/CustomerCheckIn.java,CustomerCheckIn$Anonymous20,mouseClicked/1[java.awt.event.MouseEvent],false,290,1,9,0,9,1,1,3,0,0,1,1,0,0,0,0,0,0,0,0,0,0,0,0,0,0,5,1,0,false
/home/lucas/Documentos/ufc/semestre_10/reuso/trabalho3/Hotel-Management-System/src/CustomerCheckIn.java,CustomerCheckIn$Anonymous20,mouseReleased/1[java.awt.event.MouseEvent],false,293,1,2,0,2,1,1,3,0,0,1,1,0,0,0,0,0,0,0,0,0,0,0,0,0,0,5,1,0,false
/home/lucas/Documentos/ufc/semestre_10/reuso/trabalho3/Hotel-Management-System/src/GenerateBill.java,GenerateBill$Anonymous2,focusLost/1[java.awt.event.FocusEvent],false,115,1,9,0,9,1,1,3,0,0,1,1,0,0,0,0,0,0,0,0,0,0,0,0,0,0,5,1,0,false
/home/lucas/Documentos/ufc/semestre_10/reuso/trabalho3/Hotel-Management-System/src/GenerateBill.java,GenerateBill$Anonymous1,focusLost/1[java.awt.event.FocusEvent],false,104,1,9,0,9,1,1,3,0,0,1,1,0,0,0,0,0,0,0,0,0,0,0,0,0,0,5,1,0,false
/home/lucas/Documentos/ufc/semestre_10/reuso/trabalho3/Hotel-Management-System/src/GenerateBill.java,GenerateBill$Anonymous4,actionPerformed/1[java.awt.event.ActionEvent],false,136,1,43,0,43,1,1,3,0,0,1,1,0,0,0,0,0,0,0,0,0,0,0,0,0,0,6,1,0,false
/home/lucas/Documentos/ufc/semestre_10/reuso/trabalho3/Hotel-Management-System/src/GenerateBill.java,GenerateBill$Anonymous3,actionPerformed/1[java.awt.event.ActionEvent],false,128,1,43,0,43,1,1,3,0,0,1,1,0,0,0,0,0,0,0,0,0,0,0,0,0,0,6,1,0,false
/home/lucas/Documentos/ufc/semestre_10/reuso/trabalho3/Hotel-Management-System/src/CustomerCheckIn.java,CustomerCheckIn$Anonymous27,run/0,false,705,1,12,0,12,1,1,3,0,0,0,1,0,0,0,0,0,0,0,0,0,0,0,0,0,0,5,1,0,false
/home/lucas/Documentos/ufc/semestre_10/reuso/trabalho3/Hotel-Management-System/src/CustomerCheckIn.java,CustomerCheckIn$Anonymous26,actionPerformed/1[java.awt.event.ActionEvent],false,355,1,43,0,43,1,1,3,0,0,1,1,0,0,0,0,0,0,0,0,0,0,0,0,0,0,6,1,0,false
/home/lucas/Documentos/ufc/semestre_10/reuso/trabalho3/Hotel-Management-System/src/CustomerCheckIn.java,CustomerCheckIn$Anonymous23,actionPerformed/1[java.awt.event.ActionEvent],false,328,1,43,0,43,1,1,3,0,0,1,1,0,0,0,0,0,0,0,0,0,0,0,0,0,0,6,1,0,false
/home/lucas/Documentos/ufc/semestre_10/reuso/trabalho3/Hotel-Management-System/src/Start1.java,Start1,Start1/0,true,5,1,3,1,2,1,2,25,0,1,0,2,1,1,0,0,0,0,0,0,1,0,0,1,0,0,14,1,0,false
/home/lucas/Documentos/ufc/semestre_10/reuso/trabalho3/Hotel-Management-System/src/Start1.java,Start1,main/1[java.lang.String[]],false,77,0,1,0,1,1,1,8,0,0,1,1,0,0,0,0,0,0,0,0,0,0,0,1,0,0,5,9,0,false
/home/lucas/Documentos/ufc/semestre_10/reuso/trabalho3/Hotel-Management-System/src/Start1.java,Start1,initComponents/0,false,38,1,1,1,0,1,16,29,0,0,0,16,0,0,0,0,0,0,7,32,5,0,0,0,0,0,26,2,0,false
/home/lucas/Documentos/ufc/semestre_10/reuso/trabalho3/Hotel-Management-System/src/CustomerCheckIn.java,CustomerCheckIn$Anonymous22,itemStateChanged/1[java.awt.event.ItemEvent],false,311,1,3,0,3,1,1,3,0,0,1,1,0,0,0,0,0,0,0,0,0,0,0,0,0,0,6,1,0,false
/home/lucas/Documentos/ufc/semestre_10/reuso/trabalho3/Hotel-Management-System/src/CustomerCheckIn.java,CustomerCheckIn$Anonymous25,actionPerformed/1[java.awt.event.ActionEvent],false,344,1,43,0,43,1,1,3,0,0,1,1,0,0,0,0,0,0,0,0,0,0,0,0,0,0,6,1,0,false
/home/lucas/Documentos/ufc/semestre_10/reuso/trabalho3/Hotel-Management-System/src/CustomerCheckIn.java,CustomerCheckIn$Anonymous24,mouseReleased/1[java.awt.event.MouseEvent],false,339,1,2,0,2,1,1,3,0,0,1,1,0,0,0,0,0,0,0,0,0,0,0,0,0,0,6,1,0,false
/home/lucas/Documentos/ufc/semestre_10/reuso/trabalho3/Hotel-Management-System/src/SignIn.java,SignIn$Anonymous1,actionPerformed/1[java.awt.event.ActionEvent],false,61,1,43,0,43,1,1,3,0,0,1,1,0,0,0,0,0,0,0,0,0,0,0,0,0,0,6,1,0,false
/home/lucas/Documentos/ufc/semestre_10/reuso/trabalho3/Hotel-Management-System/src/SignIn.java,SignIn$Anonymous2,actionPerformed/1[java.awt.event.ActionEvent],false,82,1,43,0,43,1,1,3,0,0,1,1,0,0,0,0,0,0,0,0,0,0,0,0,0,0,6,1,0,false
/home/lucas/Documentos/ufc/semestre_10/reuso/trabalho3/Hotel-Management-System/src/SignIn.java,SignIn$Anonymous5,keyPressed/1[java.awt.event.KeyEvent],false,115,1,15,0,15,1,1,3,0,0,1,1,0,0,0,0,0,0,0,0,0,0,0,0,0,0,5,1,0,false
/home/lucas/Documentos/ufc/semestre_10/reuso/trabalho3/Hotel-Management-System/src/SignIn.java,SignIn$Anonymous6,actionPerformed/1[java.awt.event.ActionEvent],false,132,1,43,0,43,1,1,3,0,0,1,1,0,0,0,0,0,0,0,0,0,0,0,0,0,0,6,1,0,false
/home/lucas/Documentos/ufc/semestre_10/reuso/trabalho3/Hotel-Management-System/src/Start.java,Start$Anonymous2,run/0,false,84,1,12,0,12,1,1,3,0,0,0,1,0,0,0,0,0,0,0,0,0,0,0,0,0,0,3,1,0,false
/home/lucas/Documentos/ufc/semestre_10/reuso/trabalho3/Hotel-Management-System/src/SignIn.java,SignIn$Anonymous3,actionPerformed/1[java.awt.event.ActionEvent],false,96,1,43,0,43,1,1,3,0,0,1,1,0,0,0,0,0,0,0,0,0,0,0,0,0,0,5,1,0,false
/home/lucas/Documentos/ufc/semestre_10/reuso/trabalho3/Hotel-Management-System/src/Start.java,Start$Anonymous1,run/0,false,23,1,12,0,12,2,2,8,0,0,0,2,0,0,0,0,1,0,0,1,0,0,1,0,0,0,6,1,0,false
/home/lucas/Documentos/ufc/semestre_10/reuso/trabalho3/Hotel-Management-System/src/SignIn.java,SignIn$Anonymous4,keyPressed/1[java.awt.event.KeyEvent],false,101,1,15,0,15,1,1,3,0,0,1,1,0,0,0,0,0,0,0,0,0,0,0,0,0,0,5,1,0,false
/home/lucas/Documentos/ufc/semestre_10/reuso/trabalho3/Hotel-Management-System/src/SignIn.java,SignIn$Anonymous4,keyReleased/1[java.awt.event.KeyEvent],false,104,1,4,0,4,1,1,3,0,0,1,1,0,0,0,0,0,0,0,0,0,0,0,0,0,0,5,1,0,false
/home/lucas/Documentos/ufc/semestre_10/reuso/trabalho3/Hotel-Management-System/src/SignIn.java,SignIn$Anonymous4,keyTyped/1[java.awt.event.KeyEvent],false,107,1,2,0,2,1,1,3,0,0,1,1,0,0,0,0,0,0,0,0,0,0,0,0,0,0,5,1,0,false
/home/lucas/Documentos/ufc/semestre_10/reuso/trabalho3/Hotel-Management-System/src/SignIn.java,SignIn$Anonymous9,actionPerformed/1[java.awt.event.ActionEvent],false,156,1,43,0,43,1,1,3,0,0,1,1,0,0,0,0,0,0,0,0,0,0,0,0,0,0,6,1,0,false
/home/lucas/Documentos/ufc/semestre_10/reuso/trabalho3/Hotel-Management-System/src/project/ConnectionProvider.java,project.ConnectionProvider,getCon/0,false,18,0,0,0,0,2,2,10,2,1,0,2,0,0,0,0,1,0,4,0,1,0,1,0,0,0,13,9,0,false
/home/lucas/Documentos/ufc/semestre_10/reuso/trabalho3/Hotel-Management-System/src/SignIn.java,SignIn$Anonymous7,mouseMoved/1[java.awt.event.MouseEvent],false,143,1,1,0,1,1,1,3,0,0,1,1,0,0,0,0,0,0,0,0,0,0,0,0,0,0,6,1,0,false
/home/lucas/Documentos/ufc/semestre_10/reuso/trabalho3/Hotel-Management-System/src/SignIn.java,SignIn$Anonymous8,mouseEntered/1[java.awt.event.MouseEvent],false,148,1,1,0,1,1,1,3,0,0,1,1,0,0,0,0,0,0,0,0,0,0,0,0,0,0,6,1,0,false
/home/lucas/Documentos/ufc/semestre_10/reuso/trabalho3/Hotel-Management-System/src/SignIn.java,SignIn$Anonymous8,mouseExited/1[java.awt.event.MouseEvent],false,151,1,1,0,1,1,1,3,0,0,1,1,0,0,0,0,0,0,0,0,0,0,0,0,0,0,6,1,0,false
/home/lucas/Documentos/ufc/semestre_10/reuso/trabalho3/Hotel-Management-System/src/CustomerCheckIn.java,CustomerCheckIn,comboroomtypeActionPerformed/1[java.awt.event.ActionEvent],false,511,0,1,1,0,1,0,2,0,0,1,0,0,0,0,0,0,0,0,0,0,0,0,0,0,0,4,2,0,false
/home/lucas/Documentos/ufc/semestre_10/reuso/trabalho3/Hotel-Management-System/src/CustomerCheckIn.java,CustomerCheckIn,combobedItemStateChanged/1[java.awt.event.ItemEvent],false,551,0,1,1,0,4,12,23,0,3,1,12,0,0,1,0,1,0,9,4,5,0,2,0,0,0,31,2,0,false
/home/lucas/Documentos/ufc/semestre_10/reuso/trabalho3/Hotel-Management-System/src/CustomerCheckIn.java,CustomerCheckIn,txtdateActionPerformed/1[java.awt.event.ActionEvent],false,391,0,1,1,0,1,0,2,0,0,1,0,0,0,0,0,0,0,0,0,0,0,0,0,0,0,4,2,0,false
/home/lucas/Documentos/ufc/semestre_10/reuso/trabalho3/Hotel-Management-System/src/CustomerCheckIn.java,CustomerCheckIn,main/1[java.lang.String[]],false,678,1,1,0,1,7,9,28,0,0,1,9,0,0,1,0,1,0,1,0,0,0,3,1,0,0,21,9,0,true
/home/lucas/Documentos/ufc/semestre_10/reuso/trabalho3/Hotel-Management-System/src/CustomerCheckIn.java,CustomerCheckIn,jButton2ActionPerformed/1[java.awt.event.ActionEvent],false,411,0,1,1,0,15,23,98,0,4,1,23,0,0,1,3,2,0,38,25,9,0,4,0,0,0,53,2,0,false
/home/lucas/Documentos/ufc/semestre_10/reuso/trabalho3/Hotel-Management-System/src/CustomerCheckIn.java,CustomerCheckIn,initComponents/0,false,59,1,2,1,1,1,27,304,0,0,0,27,0,0,0,0,0,0,53,230,30,0,0,26,0,0,93,2,0,true
/home/lucas/Documentos/ufc/semestre_10/reuso/trabalho3/Hotel-Management-System/src/CustomerCheckIn.java,CustomerCheckIn,txtemailFocusLost/1[java.awt.event.FocusEvent],false,593,0,1,1,0,1,0,2,0,0,1,0,0,0,0,0,0,0,0,0,0,0,0,0,0,0,4,2,0,false
/home/lucas/Documentos/ufc/semestre_10/reuso/trabalho3/Hotel-Management-System/src/CustomerCheckIn.java,CustomerCheckIn,jButton2MouseReleased/1[java.awt.event.MouseEvent],false,515,0,1,1,0,1,0,2,0,0,1,0,0,0,0,0,0,0,0,0,0,0,0,0,0,0,5,2,0,false
/home/lucas/Documentos/ufc/semestre_10/reuso/trabalho3/Hotel-Management-System/src/CustomerCheckIn.java,CustomerCheckIn,txtnatKeyPressed/1[java.awt.event.KeyEvent],false,640,0,1,1,0,2,2,3,0,0,1,2,0,0,0,1,0,0,0,0,0,0,1,0,0,0,4,2,0,false
/home/lucas/Documentos/ufc/semestre_10/reuso/trabalho3/Hotel-Management-System/src/CustomerCheckIn.java,CustomerCheckIn,combogenderFocusLost/1[java.awt.event.FocusEvent],false,597,0,1,1,0,1,0,2,0,0,1,0,0,0,0,0,0,0,0,0,0,0,0,0,0,0,4,2,0,false
/home/lucas/Documentos/ufc/semestre_10/reuso/trabalho3/Hotel-Management-System/src/CustomerCheckIn.java,CustomerCheckIn,txtmobKeyPressed/1[java.awt.event.KeyEvent],false,625,0,1,1,0,2,2,3,0,0,1,2,0,0,0,1,0,0,0,0,0,0,1,0,0,0,4,2,0,false
/home/lucas/Documentos/ufc/semestre_10/reuso/trabalho3/Hotel-Management-System/src/CustomerCheckIn.java,CustomerCheckIn,txtnatFocusLost/1[java.awt.event.FocusEvent],false,601,0,1,1,0,1,0,2,0,0,1,0,0,0,0,0,0,0,0,0,0,0,0,0,0,0,4,2,0,false
/home/lucas/Documentos/ufc/semestre_10/reuso/trabalho3/Hotel-Management-System/src/CustomerCheckIn.java,CustomerCheckIn,txtemailKeyReleased/1[java.awt.event.KeyEvent],false,654,0,1,1,0,5,9,17,0,4,1,9,0,0,0,1,0,0,7,3,4,1,2,0,0,0,11,2,0,false
/home/lucas/Documentos/ufc/semestre_10/reuso/trabalho3/Hotel-Management-System/src/CustomerCheckIn.java,CustomerCheckIn,comboroomtypeMouseReleased/1[java.awt.event.MouseEvent],false,547,0,1,1,0,1,0,2,0,0,1,0,0,0,0,0,0,0,0,0,0,0,0,0,0,0,4,2,0,false
/home/lucas/Documentos/ufc/semestre_10/reuso/trabalho3/Hotel-Management-System/src/CustomerCheckIn.java,CustomerCheckIn,CustomerCheckIn/0,true,19,1,3,2,1,4,14,27,0,5,0,14,1,1,1,0,1,0,10,4,7,0,2,0,0,0,40,1,0,true
/home/lucas/Documentos/ufc/semestre_10/reuso/trabalho3/Hotel-Management-System/src/CustomerCheckIn.java,CustomerCheckIn,txtaddresActionPerformed/1[java.awt.event.ActionEvent],false,576,0,1,1,0,1,0,2,0,0,1,0,0,0,0,0,0,0,0,0,0,0,0,0,0,0,4,2,0,false
/home/lucas/Documentos/ufc/semestre_10/reuso/trabalho3/Hotel-Management-System/src/CustomerCheckIn.java,CustomerCheckIn,txtnameFocusGained/1[java.awt.event.FocusEvent],false,585,0,1,1,0,1,0,2,0,0,1,0,0,0,0,0,0,0,0,0,0,0,0,0,0,0,4,2,0,false
/home/lucas/Documentos/ufc/semestre_10/reuso/trabalho3/Hotel-Management-System/src/CustomerCheckIn.java,CustomerCheckIn,comboroomnumberItemStateChanged/1[java.awt.event.ItemEvent],false,395,0,1,1,0,3,10,14,0,3,1,10,0,0,0,0,1,0,6,1,3,0,2,0,0,0,25,2,0,false
/home/lucas/Documentos/ufc/semestre_10/reuso/trabalho3/Hotel-Management-System/src/CustomerCheckIn.java,CustomerCheckIn,txtemailKeyTyped/1[java.awt.event.KeyEvent],false,650,0,1,1,0,1,0,2,0,0,1,0,0,0,0,0,0,0,0,0,0,0,0,0,0,0,4,2,0,false
/home/lucas/Documentos/ufc/semestre_10/reuso/trabalho3/Hotel-Management-System/src/CustomerCheckIn.java,CustomerCheckIn,txtnameFocusLost/1[java.awt.event.FocusEvent],false,613,0,1,1,0,1,0,2,0,0,1,0,0,0,0,0,0,0,0,0,0,0,0,0,0,0,4,2,0,false
/home/lucas/Documentos/ufc/semestre_10/reuso/trabalho3/Hotel-Management-System/src/CustomerCheckIn.java,CustomerCheckIn,comboroomtypeMouseClicked/1[java.awt.event.MouseEvent],false,544,0,1,1,0,1,0,2,0,0,1,0,0,0,0,0,0,0,0,0,0,0,0,0,0,0,4,2,0,false
/home/lucas/Documentos/ufc/semestre_10/reuso/trabalho3/Hotel-Management-System/src/CustomerCheckIn.java,CustomerCheckIn,txtadharKeyPressed/1[java.awt.event.KeyEvent],false,645,0,1,1,0,2,2,3,0,0,1,2,0,0,0,1,0,0,0,0,0,0,1,0,0,0,4,2,0,false
/home/lucas/Documentos/ufc/semestre_10/reuso/trabalho3/Hotel-Management-System/src/CustomerCheckIn.java,CustomerCheckIn,txtmobFocusLost/1[java.awt.event.FocusEvent],false,589,0,1,1,0,1,0,2,0,0,1,0,0,0,0,0,0,0,0,0,0,0,0,0,0,0,4,2,0,false
/home/lucas/Documentos/ufc/semestre_10/reuso/trabalho3/Hotel-Management-System/src/CustomerCheckIn.java,CustomerCheckIn,txtaddresMouseClicked/1[java.awt.event.MouseEvent],false,580,0,1,1,0,1,0,2,0,0,1,0,0,0,0,0,0,0,0,0,0,0,0,0,0,0,4,2,0,false
/home/lucas/Documentos/ufc/semestre_10/reuso/trabalho3/Hotel-Management-System/src/CustomerCheckIn.java,CustomerCheckIn,txtnameKeyPressed/1[java.awt.event.KeyEvent],false,620,0,1,1,0,2,2,3,0,0,1,2,0,0,0,1,0,0,0,0,0,0,1,0,0,0,4,2,0,false
/home/lucas/Documentos/ufc/semestre_10/reuso/trabalho3/Hotel-Management-System/src/CustomerCheckIn.java,CustomerCheckIn,jButton1ActionPerformed/1[java.awt.event.ActionEvent],false,371,0,1,1,0,1,1,3,0,0,1,1,0,0,0,0,0,0,0,0,0,0,0,0,0,0,6,2,0,false
/home/lucas/Documentos/ufc/semestre_10/reuso/trabalho3/Hotel-Management-System/src/CustomerCheckIn.java,CustomerCheckIn,jButton3ActionPerformed/1[java.awt.event.ActionEvent],false,376,0,1,1,0,2,3,12,0,0,1,3,0,0,0,1,0,0,7,4,0,0,1,0,0,0,5,2,0,false
/home/lucas/Documentos/ufc/semestre_10/reuso/trabalho3/Hotel-Management-System/src/CustomerCheckIn.java,CustomerCheckIn,combogenderActionPerformed/1[java.awt.event.ActionEvent],false,616,0,1,1,0,1,0,2,0,0,1,0,0,0,0,0,0,0,0,0,0,0,0,0,0,0,4,2,0,false
/home/lucas/Documentos/ufc/semestre_10/reuso/trabalho3/Hotel-Management-System/src/CustomerCheckIn.java,CustomerCheckIn,comboroomtypeItemStateChanged/1[java.awt.event.ItemEvent],false,519,0,1,1,0,4,12,23,0,3,1,12,0,0,1,0,1,0,9,4,5,0,2,0,0,0,31,2,0,false
/home/lucas/Documentos/ufc/semestre_10/reuso/trabalho3/Hotel-Management-System/src/CustomerCheckIn.java,CustomerCheckIn,txtadharFocusLost/1[java.awt.event.FocusEvent],false,605,0,1,1,0,1,0,2,0,0,1,0,0,0,0,0,0,0,0,0,0,0,0,0,0,0,4,2,0,false
/home/lucas/Documentos/ufc/semestre_10/reuso/trabalho3/Hotel-Management-System/src/CustomerCheckIn.java,CustomerCheckIn,txtaddresFocusLost/1[java.awt.event.FocusEvent],false,609,0,1,1,0,1,0,2,0,0,1,0,0,0,0,0,0,0,0,0,0,0,0,0,0,0,4,2,0,false
/home/lucas/Documentos/ufc/semestre_10/reuso/trabalho3/Hotel-Management-System/src/CustomerCheckIn.java,CustomerCheckIn,txtemailKeyPressed/1[java.awt.event.KeyEvent],false,630,0,1,1,0,2,2,3,0,0,1,2,0,0,0,1,0,0,0,0,0,0,1,0,0,0,4,2,0,false
/home/lucas/Documentos/ufc/semestre_10/reuso/trabalho3/Hotel-Management-System/src/CustomerCheckIn.java,CustomerCheckIn,combogenderKeyPressed/1[java.awt.event.KeyEvent],false,635,0,1,1,0,2,2,3,0,0,1,2,0,0,0,1,0,0,0,0,0,0,1,0,0,0,4,2,0,false
/home/lucas/Documentos/ufc/semestre_10/reuso/trabalho3/Hotel-Management-System/src/Home.java,Home$Anonymous5,actionPerformed/1[java.awt.event.ActionEvent],false,90,1,43,0,43,1,1,3,0,0,1,1,0,0,0,0,0,0,0,0,0,0,0,0,0,0,6,1,0,false
/home/lucas/Documentos/ufc/semestre_10/reuso/trabalho3/Hotel-Management-System/src/SignIn.java,SignIn,SignIn/0,true,27,1,11,10,1,1,2,4,0,0,0,2,1,1,0,0,0,0,0,0,0,0,0,0,0,0,6,1,0,true
/home/lucas/Documentos/ufc/semestre_10/reuso/trabalho3/Hotel-Management-System/src/SignIn.java,SignIn,main/1[java.lang.String[]],false,367,1,1,0,1,7,10,26,0,0,1,10,0,0,1,0,1,0,1,0,0,0,3,0,0,1,18,9,0,true
/home/lucas/Documentos/ufc/semestre_10/reuso/trabalho3/Hotel-Management-System/src/SignIn.java,SignIn,jButton3ActionPerformed/1[java.awt.event.ActionEvent],false,235,1,2,1,1,1,1,3,0,0,1,1,0,0,0,0,0,0,0,0,0,0,0,0,0,0,8,2,0,false
/home/lucas/Documentos/ufc/semestre_10/reuso/trabalho3/Hotel-Management-System/src/SignIn.java,SignIn,txtemailKeyTyped/1[java.awt.event.KeyEvent],false,360,0,1,1,0,1,0,2,0,0,1,0,0,0,0,0,0,0,0,0,0,0,0,0,0,0,4,2,0,false
/home/lucas/Documentos/ufc/semestre_10/reuso/trabalho3/Hotel-Management-System/src/SignIn.java,SignIn,jButton1MouseEntered/1[java.awt.event.MouseEvent],false,330,0,1,1,0,1,0,2,0,0,1,0,0,0,0,0,0,0,0,0,0,0,0,0,0,0,5,2,0,false
/home/lucas/Documentos/ufc/semestre_10/reuso/trabalho3/Hotel-Management-System/src/SignIn.java,SignIn,jButton1MouseMoved/1[java.awt.event.MouseEvent],false,327,0,1,1,0,1,0,2,0,0,1,0,0,0,0,0,0,0,0,0,0,0,0,0,0,0,5,2,0,false
/home/lucas/Documentos/ufc/semestre_10/reuso/trabalho3/Hotel-Management-System/src/SignIn.java,SignIn,jButton1ActionPerformed/1[java.awt.event.ActionEvent],false,185,3,3,1,2,6,16,36,0,3,1,16,0,0,0,0,1,0,13,4,5,0,5,0,0,0,37,2,0,false
/home/lucas/Documentos/ufc/semestre_10/reuso/trabalho3/Hotel-Management-System/src/SignIn.java,SignIn,jButton2ActionPerformed/1[java.awt.event.ActionEvent],false,230,1,2,1,1,1,1,3,0,0,1,1,0,0,0,0,0,0,0,0,0,0,0,0,0,0,7,2,0,false
/home/lucas/Documentos/ufc/semestre_10/reuso/trabalho3/Hotel-Management-System/src/SignIn.java,SignIn,txtemailKeyPressed/1[java.awt.event.KeyEvent],false,241,0,1,1,0,2,2,5,0,0,1,2,0,0,0,1,0,0,0,0,0,0,1,0,0,0,4,2,0,false
/home/lucas/Documentos/ufc/semestre_10/reuso/trabalho3/Hotel-Management-System/src/SignIn.java,SignIn,txtpasswordKeyPressed/1[java.awt.event.KeyEvent],false,247,3,3,1,2,8,17,41,0,3,1,17,0,0,0,1,1,0,13,4,5,0,6,0,0,0,36,2,0,false
/home/lucas/Documentos/ufc/semestre_10/reuso/trabalho3/Hotel-Management-System/src/SignIn.java,SignIn,jLabel4MouseClicked/1[java.awt.event.MouseEvent],false,302,0,1,1,0,2,2,12,0,0,1,2,0,0,0,1,0,0,2,4,2,0,1,0,0,0,9,2,0,false
/home/lucas/Documentos/ufc/semestre_10/reuso/trabalho3/Hotel-Management-System/src/SignIn.java,SignIn,initComponents/0,false,39,1,2,1,1,1,24,134,0,0,0,24,0,0,0,0,0,0,18,101,13,0,0,10,0,0,74,2,0,true
/home/lucas/Documentos/ufc/semestre_10/reuso/trabalho3/Hotel-Management-System/src/SignIn.java,SignIn,jButton4ActionPerformed/1[java.awt.event.ActionEvent],false,223,0,1,1,0,2,2,6,0,1,1,2,0,0,0,1,0,0,2,1,1,0,1,0,0,0,10,2,0,false
/home/lucas/Documentos/ufc/semestre_10/reuso/trabalho3/Hotel-Management-System/src/SignIn.java,SignIn,jButton1MouseExited/1[java.awt.event.MouseEvent],false,333,0,1,1,0,1,0,2,0,0,1,0,0,0,0,0,0,0,0,0,0,0,0,0,0,0,5,2,0,false
/home/lucas/Documentos/ufc/semestre_10/reuso/trabalho3/Hotel-Management-System/src/SignIn.java,SignIn,txtemailKeyReleased/1[java.awt.event.KeyEvent],false,336,0,1,1,0,5,10,18,0,4,1,10,0,0,0,1,0,0,7,3,4,1,2,0,0,0,10,2,0,false
/home/lucas/Documentos/ufc/semestre_10/reuso/trabalho3/Hotel-Management-System/src/SignIn.java,SignIn,txtemailActionPerformed/1[java.awt.event.ActionEvent],false,181,0,1,1,0,1,0,2,0,0,1,0,0,0,0,0,0,0,0,0,0,0,0,0,0,0,4,2,0,false
/home/lucas/Documentos/ufc/semestre_10/reuso/trabalho3/Hotel-Management-System/src/Home.java,Home$Anonymous4,actionPerformed/1[java.awt.event.ActionEvent],false,81,1,43,0,43,1,1,3,0,0,1,1,0,0,0,0,0,0,0,0,0,0,0,0,0,0,6,1,0,false
/home/lucas/Documentos/ufc/semestre_10/reuso/trabalho3/Hotel-Management-System/src/Home.java,Home$Anonymous7,run/0,false,170,1,12,0,12,1,1,3,0,0,0,1,0,0,0,0,0,0,0,0,0,0,0,0,0,0,3,1,0,false
/home/lucas/Documentos/ufc/semestre_10/reuso/trabalho3/Hotel-Management-System/src/Home.java,Home$Anonymous6,actionPerformed/1[java.awt.event.ActionEvent],false,99,1,43,0,43,1,1,3,0,0,1,1,0,0,0,0,0,0,0,0,0,0,0,0,0,0,6,1,0,false
/home/lucas/Documentos/ufc/semestre_10/reuso/trabalho3/Hotel-Management-System/src/ManageRoom.java,ManageRoom,jButton3ActionPerformed/1[java.awt.event.ActionEvent],false,318,1,2,1,1,3,12,25,0,4,1,12,1,1,0,0,1,0,8,4,4,0,3,0,0,0,23,2,0,false
/home/lucas/Documentos/ufc/semestre_10/reuso/trabalho3/Hotel-Management-System/src/ManageRoom.java,ManageRoom,main/1[java.lang.String[]],false,351,1,1,0,1,7,9,28,0,0,1,9,0,0,1,0,1,0,1,0,0,0,3,1,0,0,20,9,0,true
/home/lucas/Documentos/ufc/semestre_10/reuso/trabalho3/Hotel-Management-System/src/ManageRoom.java,ManageRoom,jButton2ActionPerformed/1[java.awt.event.ActionEvent],false,212,1,2,1,1,7,16,52,0,5,1,16,1,1,0,0,3,0,20,6,9,0,5,0,0,0,36,2,0,false
/home/lucas/Documentos/ufc/semestre_10/reuso/trabalho3/Hotel-Management-System/src/ManageRoom.java,ManageRoom,ManageRoom/0,true,28,1,4,2,2,1,3,5,0,0,0,3,2,1,0,0,0,0,0,0,0,0,0,0,0,0,8,1,0,true
/home/lucas/Documentos/ufc/semestre_10/reuso/trabalho3/Hotel-Management-System/src/ManageRoom.java,ManageRoom,initComponents/0,false,67,1,3,1,2,1,23,111,0,0,0,23,0,0,0,0,0,0,33,116,16,0,0,6,0,0,54,2,0,false
/home/lucas/Documentos/ufc/semestre_10/reuso/trabalho3/Hotel-Management-System/src/ManageRoom.java,ManageRoom,jButton1ActionPerformed/1[java.awt.event.ActionEvent],false,208,0,1,1,0,1,1,3,0,0,1,1,0,0,0,0,0,0,0,0,0,0,0,0,0,0,6,2,0,false
/home/lucas/Documentos/ufc/semestre_10/reuso/trabalho3/Hotel-Management-System/src/ManageRoom.java,ManageRoom,jTable1MouseClicked/1[java.awt.event.MouseEvent],false,270,1,2,1,1,7,16,44,0,12,1,16,1,1,0,1,1,0,12,9,14,0,5,0,0,0,44,2,0,false
/home/lucas/Documentos/ufc/semestre_10/reuso/trabalho3/Hotel-Management-System/src/ManageRoom.java,ManageRoom,txtpriceActionPerformed/1[java.awt.event.ActionEvent],false,204,0,1,1,0,1,0,2,0,0,1,0,0,0,0,0,0,0,0,0,0,0,0,0,0,0,4,2,0,false
/home/lucas/Documentos/ufc/semestre_10/reuso/trabalho3/Hotel-Management-System/src/ManageRoom.java,ManageRoom,s/0,false,33,1,4,4,0,4,12,29,0,9,0,12,0,0,2,0,1,0,10,2,12,0,3,0,0,0,30,1,0,false
/home/lucas/Documentos/ufc/semestre_10/reuso/trabalho3/Hotel-Management-System/src/Home.java,Home$Anonymous1,actionPerformed/1[java.awt.event.ActionEvent],false,48,1,43,0,43,1,1,3,0,0,1,1,0,0,0,0,0,0,0,0,0,0,0,0,0,0,6,1,0,false
/home/lucas/Documentos/ufc/semestre_10/reuso/trabalho3/Hotel-Management-System/src/Home.java,Home$Anonymous3,actionPerformed/1[java.awt.event.ActionEvent],false,70,1,43,0,43,1,1,3,0,0,1,1,0,0,0,0,0,0,0,0,0,0,0,0,0,0,6,1,0,false
/home/lucas/Documentos/ufc/semestre_10/reuso/trabalho3/Hotel-Management-System/src/Home.java,Home$Anonymous2,actionPerformed/1[java.awt.event.ActionEvent],false,59,1,43,0,43,1,1,3,0,0,1,1,0,0,0,0,0,0,0,0,0,0,0,0,0,0,6,1,0,false
/home/lucas/Documentos/ufc/semestre_10/reuso/trabalho3/Hotel-Management-System/src/CustomerCheckOut.java,CustomerCheckOut,s/0,false,40,1,2,2,0,4,13,38,0,9,0,13,0,0,2,0,1,0,18,3,12,0,3,0,0,0,26,1,0,false
/home/lucas/Documentos/ufc/semestre_10/reuso/trabalho3/Hotel-Management-System/src/CustomerCheckOut.java,CustomerCheckOut,jButton2ActionPerformed/1[java.awt.event.ActionEvent],false,294,0,1,1,0,6,19,50,0,16,1,19,0,0,0,2,2,2,24,8,18,4,3,0,0,0,50,2,0,false
/home/lucas/Documentos/ufc/semestre_10/reuso/trabalho3/Hotel-Management-System/src/CustomerCheckOut.java,CustomerCheckOut,CustomerCheckOut/0,true,30,1,4,2,2,1,4,7,0,2,0,4,2,1,0,0,0,0,1,0,2,0,0,0,0,0,15,1,0,true
/home/lucas/Documentos/ufc/semestre_10/reuso/trabalho3/Hotel-Management-System/src/CustomerCheckOut.java,CustomerCheckOut,jTable1MouseClicked/1[java.awt.event.MouseEvent],false,367,0,1,1,0,4,13,30,0,12,1,13,0,0,0,2,1,2,3,14,14,4,2,0,0,0,32,2,0,false
/home/lucas/Documentos/ufc/semestre_10/reuso/trabalho3/Hotel-Management-System/src/CustomerCheckOut.java,CustomerCheckOut,txtroomnumberActionPerformed/1[java.awt.event.ActionEvent],false,290,0,1,1,0,1,0,2,0,0,1,0,0,0,0,0,0,0,0,0,0,0,0,0,0,0,4,2,0,false
/home/lucas/Documentos/ufc/semestre_10/reuso/trabalho3/Hotel-Management-System/src/CustomerCheckOut.java,CustomerCheckOut,main/1[java.lang.String[]],false,453,1,1,0,1,7,9,28,0,0,1,9,0,0,1,0,1,0,1,0,0,0,3,1,0,0,21,9,0,true
/home/lucas/Documentos/ufc/semestre_10/reuso/trabalho3/Hotel-Management-System/src/CustomerCheckOut.java,CustomerCheckOut,jButton4ActionPerformed/1[java.awt.event.ActionEvent],false,351,0,1,1,0,1,1,10,0,0,1,1,0,0,0,0,0,0,8,0,0,0,0,0,0,0,5,2,0,false
/home/lucas/Documentos/ufc/semestre_10/reuso/trabalho3/Hotel-Management-System/src/CustomerCheckOut.java,CustomerCheckOut,initComponents/0,false,89,1,3,1,2,1,23,165,0,0,0,23,0,0,0,0,0,0,52,196,26,0,0,7,0,0,90,2,0,true
/home/lucas/Documentos/ufc/semestre_10/reuso/trabalho3/Hotel-Management-System/src/CustomerCheckOut.java,CustomerCheckOut,jButton1ActionPerformed/1[java.awt.event.ActionEvent],false,362,0,1,1,0,1,1,3,0,0,1,1,0,0,0,0,0,0,0,0,0,0,0,0,0,0,6,2,0,false
/home/lucas/Documentos/ufc/semestre_10/reuso/trabalho3/Hotel-Management-System/src/CustomerCheckOut.java,CustomerCheckOut,jButton3ActionPerformed/1[java.awt.event.ActionEvent],false,405,2,3,1,2,4,12,42,0,3,1,12,1,1,0,1,1,0,21,9,6,0,4,0,0,0,48,2,0,false
/home/lucas/Documentos/ufc/semestre_10/reuso/trabalho3/Hotel-Management-System/src/Start.java,Start,Start/0,true,19,1,3,1,2,1,2,15,0,1,0,2,1,1,0,0,0,0,0,0,1,0,0,1,0,0,14,1,0,true
/home/lucas/Documentos/ufc/semestre_10/reuso/trabalho3/Hotel-Management-System/src/Start.java,Start,initComponents/0,false,41,1,1,1,0,1,9,9,0,0,0,9,0,0,0,0,0,0,2,4,1,0,0,0,0,0,37,2,0,true
/home/lucas/Documentos/ufc/semestre_10/reuso/trabalho3/Hotel-Management-System/src/Start.java,Start,main/1[java.lang.String[]],false,58,1,1,0,1,7,9,28,0,0,1,9,0,0,1,0,1,0,1,0,0,0,3,1,0,0,19,9,0,true
/home/lucas/Documentos/ufc/semestre_10/reuso/trabalho3/Hotel-Management-System/src/CustomerCheckIn.java,CustomerCheckIn$Anonymous9,keyPressed/1[java.awt.event.KeyEvent],false,189,1,15,0,15,1,1,3,0,0,1,1,0,0,0,0,0,0,0,0,0,0,0,0,0,0,5,1,0,false
/home/lucas/Documentos/ufc/semestre_10/reuso/trabalho3/Hotel-Management-System/src/CustomerCheckIn.java,CustomerCheckIn$Anonymous8,actionPerformed/1[java.awt.event.ActionEvent],false,184,1,43,0,43,1,1,3,0,0,1,1,0,0,0,0,0,0,0,0,0,0,0,0,0,0,5,1,0,false
/home/lucas/Documentos/ufc/semestre_10/reuso/trabalho3/Hotel-Management-System/src/PassWord.java,PassWord,txtpasswordKeyPressed/1[java.awt.event.KeyEvent],false,295,2,2,1,1,8,19,49,0,2,1,19,0,0,0,1,2,0,22,3,6,0,5,0,0,0,35,2,0,false
/home/lucas/Documentos/ufc/semestre_10/reuso/trabalho3/Hotel-Management-System/src/PassWord.java,PassWord,PassWord/0,true,26,1,3,2,1,1,2,4,0,0,0,2,1,1,0,0,0,0,0,0,0,0,0,0,0,0,7,1,0,true
/home/lucas/Documentos/ufc/semestre_10/reuso/trabalho3/Hotel-Management-System/src/PassWord.java,PassWord,jButton3ActionPerformed/1[java.awt.event.ActionEvent],false,215,1,2,1,1,1,1,3,0,0,1,1,0,0,0,0,0,0,0,0,0,0,0,0,0,0,8,2,0,false
/home/lucas/Documentos/ufc/semestre_10/reuso/trabalho3/Hotel-Management-System/src/PassWord.java,PassWord,btnsearchActionPerformed/1[java.awt.event.ActionEvent],false,221,0,1,1,0,3,10,17,0,1,1,10,0,0,0,0,1,0,9,1,3,0,2,0,0,0,22,2,0,false
/home/lucas/Documentos/ufc/semestre_10/reuso/trabalho3/Hotel-Management-System/src/PassWord.java,PassWord,initComponents/0,false,41,1,2,1,1,1,32,97,0,1,0,32,0,0,0,0,0,0,22,118,16,0,0,6,0,0,69,2,0,true
/home/lucas/Documentos/ufc/semestre_10/reuso/trabalho3/Hotel-Management-System/src/PassWord.java,PassWord,main/1[java.lang.String[]],false,375,1,1,0,1,7,9,28,0,0,1,9,0,0,1,0,1,0,1,0,0,0,3,1,0,0,20,9,0,true
/home/lucas/Documentos/ufc/semestre_10/reuso/trabalho3/Hotel-Management-System/src/PassWord.java,PassWord,jButton2ActionPerformed/1[java.awt.event.ActionEvent],false,242,2,2,1,1,7,17,46,0,2,1,17,0,0,0,0,2,0,22,4,5,0,4,0,0,0,35,2,0,false
/home/lucas/Documentos/ufc/semestre_10/reuso/trabalho3/Hotel-Management-System/src/PassWord.java,PassWord,txtansKeyPressed/1[java.awt.event.KeyEvent],false,290,0,1,1,0,2,2,3,0,0,1,2,0,0,0,1,0,0,0,0,0,0,1,0,0,0,4,2,0,false
/home/lucas/Documentos/ufc/semestre_10/reuso/trabalho3/Hotel-Management-System/src/PassWord.java,PassWord,txtemailKeyReleased/1[java.awt.event.KeyEvent],false,348,0,1,1,0,5,10,18,0,4,1,10,0,0,0,1,0,0,7,3,4,1,2,0,0,0,10,2,0,false
/home/lucas/Documentos/ufc/semestre_10/reuso/trabalho3/Hotel-Management-System/src/CustomerDetailsBill.java,CustomerDetailsBill$Anonymous5,actionPerformed/1[java.awt.event.ActionEvent],false,182,1,43,0,43,1,1,3,0,0,1,1,0,0,0,0,0,0,0,0,0,0,0,0,0,0,6,1,0,false
/home/lucas/Documentos/ufc/semestre_10/reuso/trabalho3/Hotel-Management-System/src/CustomerDetailsBill.java,CustomerDetailsBill$Anonymous4,mouseClicked/1[java.awt.event.MouseEvent],false,164,1,9,0,9,1,1,3,0,0,1,1,0,0,0,0,0,0,0,0,0,0,0,0,0,0,6,1,0,false
/home/lucas/Documentos/ufc/semestre_10/reuso/trabalho3/Hotel-Management-System/src/CustomerDetailsBill.java,CustomerDetailsBill$Anonymous6,run/0,false,290,1,12,0,12,1,1,3,0,0,0,1,0,0,0,0,0,0,0,0,0,0,0,0,0,0,5,1,0,false
/home/lucas/Documentos/ufc/semestre_10/reuso/trabalho3/Hotel-Management-System/src/Signup.java,Signup,jButton1ActionPerformed/1[java.awt.event.ActionEvent],false,222,1,2,1,1,7,16,48,0,4,1,16,0,0,0,0,1,0,16,6,8,0,3,0,0,0,35,2,0,false
/home/lucas/Documentos/ufc/semestre_10/reuso/trabalho3/Hotel-Management-System/src/Signup.java,Signup,txtansKeyPressed/1[java.awt.event.KeyEvent],false,299,1,2,1,1,9,18,57,0,4,1,18,0,0,0,1,2,0,20,6,10,0,5,0,0,0,35,2,0,false
/home/lucas/Documentos/ufc/semestre_10/reuso/trabalho3/Hotel-Management-System/src/Signup.java,Signup,Signup/0,true,25,1,3,2,1,1,1,3,0,0,0,1,1,1,0,0,0,0,0,0,0,0,0,0,0,0,5,1,0,true
/home/lucas/Documentos/ufc/semestre_10/reuso/trabalho3/Hotel-Management-System/src/Signup.java,Signup,initComponents/0,false,36,1,2,1,1,1,22,156,0,0,0,22,0,0,0,0,0,0,29,134,18,0,0,12,0,0,77,2,0,true
/home/lucas/Documentos/ufc/semestre_10/reuso/trabalho3/Hotel-Management-System/src/Signup.java,Signup,jLabel1MouseClicked/1[java.awt.event.MouseEvent],false,215,0,1,1,0,2,2,6,0,1,1,2,0,0,0,1,0,0,2,1,1,0,1,0,0,0,12,2,0,false
/home/lucas/Documentos/ufc/semestre_10/reuso/trabalho3/Hotel-Management-System/src/Signup.java,Signup,txtnameKeyPressed/1[java.awt.event.KeyEvent],false,362,0,1,1,0,2,2,5,0,0,1,2,0,0,0,1,0,0,0,0,0,0,1,0,0,0,4,2,0,false
/home/lucas/Documentos/ufc/semestre_10/reuso/trabalho3/Hotel-Management-System/src/Signup.java,Signup,main/1[java.lang.String[]],false,425,1,1,0,1,7,9,28,0,0,1,9,0,0,1,0,1,0,1,0,0,0,3,1,0,0,19,9,0,true
/home/lucas/Documentos/ufc/semestre_10/reuso/trabalho3/Hotel-Management-System/src/Signup.java,Signup,txtansActionPerformed/1[java.awt.event.ActionEvent],false,211,0,1,1,0,1,0,2,0,0,1,0,0,0,0,0,0,0,0,0,0,0,0,0,0,0,4,2,0,false
/home/lucas/Documentos/ufc/semestre_10/reuso/trabalho3/Hotel-Management-System/src/Signup.java,Signup,txtpasswordKeyPressed/1[java.awt.event.KeyEvent],false,372,0,1,1,0,2,2,3,0,0,1,2,0,0,0,1,0,0,0,0,0,0,1,0,0,0,4,2,0,false
/home/lucas/Documentos/ufc/semestre_10/reuso/trabalho3/Hotel-Management-System/src/Signup.java,Signup,jButton2ActionPerformed/1[java.awt.event.ActionEvent],false,292,1,2,1,1,1,1,3,0,0,1,1,0,0,0,0,0,0,0,0,0,0,0,0,0,0,8,2,0,false
/home/lucas/Documentos/ufc/semestre_10/reuso/trabalho3/Hotel-Management-System/src/Signup.java,Signup,txtemailKeyPressed/1[java.awt.event.KeyEvent],false,367,0,1,1,0,2,2,3,0,0,1,2,0,0,0,1,0,0,0,0,0,0,1,0,0,0,4,2,0,false
/home/lucas/Documentos/ufc/semestre_10/reuso/trabalho3/Hotel-Management-System/src/Signup.java,Signup,txtnameActionPerformed/1[java.awt.event.ActionEvent],false,203,0,1,1,0,1,0,2,0,0,1,0,0,0,0,0,0,0,0,0,0,0,0,0,0,0,4,2,0,false
/home/lucas/Documentos/ufc/semestre_10/reuso/trabalho3/Hotel-Management-System/src/Signup.java,Signup,txtemailKeyReleased/1[java.awt.event.KeyEvent],false,398,0,1,1,0,5,10,18,0,4,1,10,0,0,0,1,0,0,7,3,4,1,2,0,0,0,10,2,0,false
/home/lucas/Documentos/ufc/semestre_10/reuso/trabalho3/Hotel-Management-System/src/Signup.java,Signup,txtpasswordActionPerformed/1[java.awt.event.ActionEvent],false,207,0,1,1,0,1,0,2,0,0,1,0,0,0,0,0,0,0,0,0,0,0,0,0,0,0,4,2,0,false
/home/lucas/Documentos/ufc/semestre_10/reuso/trabalho3/Hotel-Management-System/src/Signup.java,Signup,jLabel9MouseClicked/1[java.awt.event.MouseEvent],false,382,0,1,1,0,2,2,12,0,0,1,2,0,0,0,1,0,0,2,4,2,0,1,0,0,0,9,2,0,false
/home/lucas/Documentos/ufc/semestre_10/reuso/trabalho3/Hotel-Management-System/src/Signup.java,Signup,jComboBox1KeyPressed/1[java.awt.event.KeyEvent],false,377,0,1,1,0,2,2,3,0,0,1,2,0,0,0,1,0,0,0,0,0,0,1,0,0,0,6,2,0,false
/home/lucas/Documentos/ufc/semestre_10/reuso/trabalho3/Hotel-Management-System/src/PassWord.java,PassWord$Anonymous1,keyPressed/1[java.awt.event.KeyEvent],false,87,1,15,0,15,1,1,3,0,0,1,1,0,0,0,0,0,0,0,0,0,0,0,0,0,0,5,1,0,false
/home/lucas/Documentos/ufc/semestre_10/reuso/trabalho3/Hotel-Management-System/src/PassWord.java,PassWord$Anonymous2,keyPressed/1[java.awt.event.KeyEvent],false,94,1,15,0,15,1,1,3,0,0,1,1,0,0,0,0,0,0,0,0,0,0,0,0,0,0,5,1,0,false
/home/lucas/Documentos/ufc/semestre_10/reuso/trabalho3/Hotel-Management-System/src/PassWord.java,PassWord$Anonymous3,keyReleased/1[java.awt.event.KeyEvent],false,103,1,4,0,4,1,1,3,0,0,1,1,0,0,0,0,0,0,0,0,0,0,0,0,0,0,5,1,0,false
/home/lucas/Documentos/ufc/semestre_10/reuso/trabalho3/Hotel-Management-System/src/Admin.java,Admin$Anonymous5,actionPerformed/1[java.awt.event.ActionEvent],false,158,1,43,0,43,1,1,3,0,0,1,1,0,0,0,0,0,0,0,0,0,0,0,0,0,0,6,1,0,false
/home/lucas/Documentos/ufc/semestre_10/reuso/trabalho3/Hotel-Management-System/src/Admin.java,Admin$Anonymous4,actionPerformed/1[java.awt.event.ActionEvent],false,147,1,43,0,43,1,1,3,0,0,1,1,0,0,0,0,0,0,0,0,0,0,0,0,0,0,6,1,0,false
/home/lucas/Documentos/ufc/semestre_10/reuso/trabalho3/Hotel-Management-System/src/Admin.java,Admin$Anonymous6,run/0,false,299,1,12,0,12,1,1,3,0,0,0,1,0,0,0,0,0,0,0,0,0,0,0,0,0,0,3,1,0,false
/home/lucas/Documentos/ufc/semestre_10/reuso/trabalho3/Hotel-Management-System/src/Admin.java,Admin$Anonymous1,actionPerformed/1[java.awt.event.ActionEvent],false,108,1,43,0,43,1,1,3,0,0,1,1,0,0,0,0,0,0,0,0,0,0,0,0,0,0,6,1,0,false
/home/lucas/Documentos/ufc/semestre_10/reuso/trabalho3/Hotel-Management-System/src/Admin.java,Admin$Anonymous3,mouseClicked/1[java.awt.event.MouseEvent],false,137,1,9,0,9,1,1,3,0,0,1,1,0,0,0,0,0,0,0,0,0,0,0,0,0,0,6,1,0,false
/home/lucas/Documentos/ufc/semestre_10/reuso/trabalho3/Hotel-Management-System/src/Admin.java,Admin$Anonymous2,"isCellEditable/2[int,int]",false,132,0,0,0,0,1,0,3,1,0,2,0,0,0,0,0,0,0,0,0,0,0,0,0,0,0,5,1,0,false
/home/lucas/Documentos/ufc/semestre_10/reuso/trabalho3/Hotel-Management-System/src/ManageRoom.java,ManageRoom$Anonymous1,actionPerformed/1[java.awt.event.ActionEvent],false,99,1,43,0,43,1,1,3,0,0,1,1,0,0,0,0,0,0,0,0,0,0,0,0,0,0,6,1,0,false
/home/lucas/Documentos/ufc/semestre_10/reuso/trabalho3/Hotel-Management-System/src/PassWord.java,PassWord$Anonymous4,actionPerformed/1[java.awt.event.ActionEvent],false,113,1,43,0,43,1,1,3,0,0,1,1,0,0,0,0,0,0,0,0,0,0,0,0,0,0,6,1,0,false
/home/lucas/Documentos/ufc/semestre_10/reuso/trabalho3/Hotel-Management-System/src/CustomerCheckIn.java,CustomerCheckIn$Anonymous7,focusLost/1[java.awt.event.FocusEvent],false,179,1,9,0,9,1,1,3,0,0,1,1,0,0,0,0,0,0,0,0,0,0,0,0,0,0,5,1,0,false
/home/lucas/Documentos/ufc/semestre_10/reuso/trabalho3/Hotel-Management-System/src/ManageRoom.java,ManageRoom$Anonymous2,"isCellEditable/2[int,int]",false,120,0,0,0,0,1,0,3,1,0,2,0,0,0,0,0,0,0,0,0,0,0,0,0,0,0,5,1,0,false
/home/lucas/Documentos/ufc/semestre_10/reuso/trabalho3/Hotel-Management-System/src/PassWord.java,PassWord$Anonymous5,actionPerformed/1[java.awt.event.ActionEvent],false,123,1,43,0,43,1,1,3,0,0,1,1,0,0,0,0,0,0,0,0,0,0,0,0,0,0,6,1,0,false
/home/lucas/Documentos/ufc/semestre_10/reuso/trabalho3/Hotel-Management-System/src/CustomerCheckIn.java,CustomerCheckIn$Anonymous6,keyPressed/1[java.awt.event.KeyEvent],false,164,1,15,0,15,1,1,3,0,0,1,1,0,0,0,0,0,0,0,0,0,0,0,0,0,0,5,1,0,false
/home/lucas/Documentos/ufc/semestre_10/reuso/trabalho3/Hotel-Management-System/src/CustomerCheckIn.java,CustomerCheckIn$Anonymous6,keyTyped/1[java.awt.event.KeyEvent],false,170,1,2,0,2,1,1,3,0,0,1,1,0,0,0,0,0,0,0,0,0,0,0,0,0,0,5,1,0,false
/home/lucas/Documentos/ufc/semestre_10/reuso/trabalho3/Hotel-Management-System/src/CustomerCheckIn.java,CustomerCheckIn$Anonymous6,keyReleased/1[java.awt.event.KeyEvent],false,167,1,4,0,4,1,1,3,0,0,1,1,0,0,0,0,0,0,0,0,0,0,0,0,0,0,5,1,0,false
/home/lucas/Documentos/ufc/semestre_10/reuso/trabalho3/Hotel-Management-System/src/ManageRoom.java,ManageRoom$Anonymous3,mouseClicked/1[java.awt.event.MouseEvent],false,125,1,9,0,9,1,1,3,0,0,1,1,0,0,0,0,0,0,0,0,0,0,0,0,0,0,6,1,0,false
/home/lucas/Documentos/ufc/semestre_10/reuso/trabalho3/Hotel-Management-System/src/PassWord.java,PassWord$Anonymous6,actionPerformed/1[java.awt.event.ActionEvent],false,133,1,43,0,43,1,1,3,0,0,1,1,0,0,0,0,0,0,0,0,0,0,0,0,0,0,5,1,0,false
/home/lucas/Documentos/ufc/semestre_10/reuso/trabalho3/Hotel-Management-System/src/CustomerCheckIn.java,CustomerCheckIn$Anonymous5,focusLost/1[java.awt.event.FocusEvent],false,159,1,9,0,9,1,1,3,0,0,1,1,0,0,0,0,0,0,0,0,0,0,0,0,0,0,5,1,0,false
/home/lucas/Documentos/ufc/semestre_10/reuso/trabalho3/Hotel-Management-System/src/ManageRoom.java,ManageRoom$Anonymous4,actionPerformed/1[java.awt.event.ActionEvent],false,166,1,43,0,43,1,1,3,0,0,1,1,0,0,0,0,0,0,0,0,0,0,0,0,0,0,5,1,0,false
/home/lucas/Documentos/ufc/semestre_10/reuso/trabalho3/Hotel-Management-System/src/PassWord.java,PassWord$Anonymous7,run/0,false,401,1,12,0,12,1,1,3,0,0,0,1,0,0,0,0,0,0,0,0,0,0,0,0,0,0,4,1,0,false
/home/lucas/Documentos/ufc/semestre_10/reuso/trabalho3/Hotel-Management-System/src/CustomerCheckIn.java,CustomerCheckIn$Anonymous4,keyPressed/1[java.awt.event.KeyEvent],false,151,1,15,0,15,1,1,3,0,0,1,1,0,0,0,0,0,0,0,0,0,0,0,0,0,0,5,1,0,false
/home/lucas/Documentos/ufc/semestre_10/reuso/trabalho3/Hotel-Management-System/src/ManageRoom.java,ManageRoom$Anonymous5,actionPerformed/1[java.awt.event.ActionEvent],false,177,1,43,0,43,1,1,3,0,0,1,1,0,0,0,0,0,0,0,0,0,0,0,0,0,0,6,1,0,false
/home/lucas/Documentos/ufc/semestre_10/reuso/trabalho3/Hotel-Management-System/src/CustomerCheckIn.java,CustomerCheckIn$Anonymous3,focusLost/1[java.awt.event.FocusEvent],false,146,1,9,0,9,1,1,3,0,0,1,1,0,0,0,0,0,0,0,0,0,0,0,0,0,0,5,1,0,false
/home/lucas/Documentos/ufc/semestre_10/reuso/trabalho3/Hotel-Management-System/src/ManageRoom.java,ManageRoom$Anonymous6,actionPerformed/1[java.awt.event.ActionEvent],false,193,1,43,0,43,1,1,3,0,0,1,1,0,0,0,0,0,0,0,0,0,0,0,0,0,0,6,1,0,false
/home/lucas/Documentos/ufc/semestre_10/reuso/trabalho3/Hotel-Management-System/src/CustomerCheckIn.java,CustomerCheckIn$Anonymous2,keyPressed/1[java.awt.event.KeyEvent],false,138,1,15,0,15,1,1,3,0,0,1,1,0,0,0,0,0,0,0,0,0,0,0,0,0,0,5,1,0,false
/home/lucas/Documentos/ufc/semestre_10/reuso/trabalho3/Hotel-Management-System/src/ManageRoom.java,ManageRoom$Anonymous7,run/0,false,377,1,12,0,12,1,1,3,0,0,0,1,0,0,0,0,0,0,0,0,0,0,0,0,0,0,4,1,0,false
/home/lucas/Documentos/ufc/semestre_10/reuso/trabalho3/Hotel-Management-System/src/CustomerCheckIn.java,CustomerCheckIn$Anonymous1,focusGained/1[java.awt.event.FocusEvent],false,130,1,1,0,1,1,1,3,0,0,1,1,0,0,0,0,0,0,0,0,0,0,0,0,0,0,5,1,0,false
/home/lucas/Documentos/ufc/semestre_10/reuso/trabalho3/Hotel-Management-System/src/CustomerCheckIn.java,CustomerCheckIn$Anonymous1,focusLost/1[java.awt.event.FocusEvent],false,133,1,9,0,9,1,1,3,0,0,1,1,0,0,0,0,0,0,0,0,0,0,0,0,0,0,5,1,0,false
/home/lucas/Documentos/ufc/semestre_10/reuso/trabalho3/Hotel-Management-System/src/SignIn.java,SignIn$Anonymous10,mouseClicked/1[java.awt.event.MouseEvent],false,164,1,9,0,9,1,1,3,0,0,1,1,0,0,0,0,0,0,0,0,0,0,0,0,0,0,6,1,0,false
/home/lucas/Documentos/ufc/semestre_10/reuso/trabalho3/Hotel-Management-System/src/CustomerDetailsBill.java,CustomerDetailsBill,jButton3ActionPerformed/1[java.awt.event.ActionEvent],false,257,1,2,1,1,1,1,3,0,0,1,1,1,1,0,0,0,0,0,0,0,0,0,0,0,0,6,2,0,false
/home/lucas/Documentos/ufc/semestre_10/reuso/trabalho3/Hotel-Management-System/src/CustomerDetailsBill.java,CustomerDetailsBill,s/0,false,36,1,2,2,0,4,13,42,0,9,0,13,0,0,2,0,1,0,22,3,12,0,3,0,0,0,26,1,0,false
/home/lucas/Documentos/ufc/semestre_10/reuso/trabalho3/Hotel-Management-System/src/CustomerDetailsBill.java,CustomerDetailsBill,jButton1ActionPerformed/1[java.awt.event.ActionEvent],false,194,0,1,1,0,1,1,3,0,0,1,1,0,0,0,0,0,0,0,0,0,0,0,0,0,0,6,2,0,false
/home/lucas/Documentos/ufc/semestre_10/reuso/trabalho3/Hotel-Management-System/src/CustomerDetailsBill.java,CustomerDetailsBill,CustomerDetailsBill/0,true,28,1,5,3,2,1,4,7,0,2,0,4,2,1,0,0,0,0,1,0,2,0,0,0,0,0,14,1,0,true
/home/lucas/Documentos/ufc/semestre_10/reuso/trabalho3/Hotel-Management-System/src/CustomerDetailsBill.java,CustomerDetailsBill,main/1[java.lang.String[]],false,264,1,1,0,1,7,9,28,0,0,1,9,0,0,1,0,1,0,1,0,0,0,3,1,0,0,21,9,0,true
/home/lucas/Documentos/ufc/semestre_10/reuso/trabalho3/Hotel-Management-System/src/CustomerDetailsBill.java,CustomerDetailsBill,initComponents/0,false,91,1,3,1,2,1,23,81,0,0,0,23,0,0,0,0,0,0,31,71,10,0,0,5,0,0,74,2,0,true
/home/lucas/Documentos/ufc/semestre_10/reuso/trabalho3/Hotel-Management-System/src/CustomerDetailsBill.java,CustomerDetailsBill,jTable1MouseClicked/1[java.awt.event.MouseEvent],false,199,1,2,1,1,2,5,8,0,2,1,5,0,0,0,1,0,1,0,2,3,0,1,0,0,0,15,2,0,false
/home/lucas/Documentos/ufc/semestre_10/reuso/trabalho3/Hotel-Management-System/src/CustomerDetailsBill.java,CustomerDetailsBill,jButton2ActionPerformed/1[java.awt.event.ActionEvent],false,210,1,1,1,0,4,15,44,0,9,1,15,0,0,2,0,1,0,23,4,12,0,3,0,0,0,35,2,0,false
/home/lucas/Documentos/ufc/semestre_10/reuso/trabalho3/Hotel-Management-System/src/Home.java,Home,jButton1ActionPerformed/1[java.awt.event.ActionEvent],false,125,1,2,1,1,1,1,3,0,0,1,1,0,0,0,0,0,0,0,0,0,0,0,0,0,0,8,2,0,false
/home/lucas/Documentos/ufc/semestre_10/reuso/trabalho3/Hotel-Management-System/src/Home.java,Home,main/1[java.lang.String[]],false,144,1,1,0,1,7,9,28,0,0,1,9,0,0,1,0,1,0,1,0,0,0,3,1,0,0,19,9,0,true
/home/lucas/Documentos/ufc/semestre_10/reuso/trabalho3/Hotel-Management-System/src/Home.java,Home,Home/0,true,18,1,4,3,1,1,1,3,0,0,0,1,1,1,0,0,0,0,0,0,0,0,0,0,0,0,5,1,0,true
/home/lucas/Documentos/ufc/semestre_10/reuso/trabalho3/Hotel-Management-System/src/Home.java,Home,jButton6ActionPerformed/1[java.awt.event.ActionEvent],false,118,0,1,1,0,2,2,6,0,1,1,2,0,0,0,1,0,0,2,1,1,0,1,0,0,0,11,2,0,false
/home/lucas/Documentos/ufc/semestre_10/reuso/trabalho3/Hotel-Management-System/src/Home.java,Home,jButton2ActionPerformed/1[java.awt.event.ActionEvent],false,129,1,2,1,1,1,1,3,0,0,1,1,0,0,0,0,0,0,0,0,0,0,0,0,0,0,9,2,0,false
/home/lucas/Documentos/ufc/semestre_10/reuso/trabalho3/Hotel-Management-System/src/Home.java,Home,initComponents/0,false,29,1,2,1,1,1,14,77,0,0,0,14,0,0,0,0,0,0,18,52,7,0,0,6,0,0,53,2,0,true
/home/lucas/Documentos/ufc/semestre_10/reuso/trabalho3/Hotel-Management-System/src/Home.java,Home,jButton5ActionPerformed/1[java.awt.event.ActionEvent],false,111,1,2,1,1,2,2,6,0,1,1,2,0,0,0,1,0,0,2,0,1,0,1,0,0,0,12,2,0,false
/home/lucas/Documentos/ufc/semestre_10/reuso/trabalho3/Hotel-Management-System/src/Home.java,Home,jButton3ActionPerformed/1[java.awt.event.ActionEvent],false,133,1,2,1,1,1,1,3,0,0,1,1,0,0,0,0,0,0,0,0,0,0,0,0,0,0,9,2,0,false
/home/lucas/Documentos/ufc/semestre_10/reuso/trabalho3/Hotel-Management-System/src/Home.java,Home,jButton4ActionPerformed/1[java.awt.event.ActionEvent],false,137,1,2,1,1,1,1,3,0,0,1,1,0,0,0,0,0,0,0,0,0,0,0,0,0,0,9,2,0,false
/home/lucas/Documentos/ufc/semestre_10/reuso/trabalho3/Hotel-Management-System/src/hotel/management/system/HotelManagementSystem.java,hotel.management.system.HotelManagementSystem,main/1[java.lang.String[]],false,16,0,0,0,0,1,0,2,0,0,1,0,0,0,0,0,0,0,0,0,0,0,0,0,0,0,6,9,0,true
/home/lucas/Documentos/ufc/semestre_10/reuso/trabalho3/Hotel-Management-System/src/CustomerDetailsBill.java,CustomerDetailsBill$Anonymous1,actionPerformed/1[java.awt.event.ActionEvent],false,118,1,43,0,43,1,1,3,0,0,1,1,0,0,0,0,0,0,0,0,0,0,0,0,0,0,6,1,0,false
/home/lucas/Documentos/ufc/semestre_10/reuso/trabalho3/Hotel-Management-System/src/CustomerDetailsBill.java,CustomerDetailsBill$Anonymous3,"isCellEditable/2[int,int]",false,159,0,0,0,0,1,0,3,1,0,2,0,0,0,0,0,0,0,0,0,0,0,0,0,0,0,5,1,0,false
/home/lucas/Documentos/ufc/semestre_10/reuso/trabalho3/Hotel-Management-System/src/CustomerDetailsBill.java,CustomerDetailsBill$Anonymous2,actionPerformed/1[java.awt.event.ActionEvent],false,138,1,43,0,43,1,1,3,0,0,1,1,0,0,0,0,0,0,0,0,0,0,0,0,0,0,6,1,0,false
/home/lucas/Documentos/ufc/semestre_10/reuso/trabalho3/Hotel-Management-System/src/Admin.java,Admin,jButton3ActionPerformed/1[java.awt.event.ActionEvent],false,174,1,2,1,1,1,1,3,0,0,1,1,1,1,0,0,0,0,0,0,0,0,0,0,0,0,6,2,0,false
/home/lucas/Documentos/ufc/semestre_10/reuso/trabalho3/Hotel-Management-System/src/Admin.java,Admin,main/1[java.lang.String[]],false,273,1,1,0,1,7,9,28,0,0,1,9,0,0,1,0,1,0,1,0,0,0,3,1,0,0,20,9,0,true
/home/lucas/Documentos/ufc/semestre_10/reuso/trabalho3/Hotel-Management-System/src/Admin.java,Admin,jButton2ActionPerformed/1[java.awt.event.ActionEvent],false,170,1,2,1,1,1,1,3,0,0,1,1,0,0,0,0,0,0,0,0,0,0,0,0,0,0,8,2,0,false
/home/lucas/Documentos/ufc/semestre_10/reuso/trabalho3/Hotel-Management-System/src/Admin.java,Admin,jButton1ActionPerformed/1[java.awt.event.ActionEvent],false,178,1,1,1,0,5,16,38,0,9,1,16,0,0,2,0,1,0,14,3,12,0,4,0,0,0,37,2,0,false
/home/lucas/Documentos/ufc/semestre_10/reuso/trabalho3/Hotel-Management-System/src/Admin.java,Admin,jTable1MouseClicked/1[java.awt.event.MouseEvent],false,221,1,2,1,1,8,12,46,0,10,1,12,1,1,0,4,2,2,15,7,14,0,5,0,0,0,34,2,0,false
/home/lucas/Documentos/ufc/semestre_10/reuso/trabalho3/Hotel-Management-System/src/Admin.java,Admin,s/0,false,32,1,3,3,0,4,12,31,0,9,0,12,0,0,2,0,1,0,11,2,12,0,3,0,0,0,30,1,0,false
/home/lucas/Documentos/ufc/semestre_10/reuso/trabalho3/Hotel-Management-System/src/Admin.java,Admin,Admin/0,true,27,1,5,3,2,1,3,5,0,0,0,3,2,1,0,0,0,0,0,0,0,0,0,0,0,0,6,1,0,true
/home/lucas/Documentos/ufc/semestre_10/reuso/trabalho3/Hotel-Management-System/src/Admin.java,Admin,initComponents/0,false,77,1,3,1,2,1,19,73,0,0,0,19,0,0,0,0,0,0,18,63,9,0,0,5,0,0,68,2,0,true
/home/lucas/Documentos/ufc/semestre_10/reuso/trabalho3/Hotel-Management-System/src/Signup.java,Signup$Anonymous9,actionPerformed/1[java.awt.event.ActionEvent],false,133,1,43,0,43,1,1,3,0,0,1,1,0,0,0,0,0,0,0,0,0,0,0,0,0,0,5,1,0,false
/home/lucas/Documentos/ufc/semestre_10/reuso/trabalho3/Hotel-Management-System/src/CustomerCheckIn.java,CustomerCheckIn$Anonymous10,focusLost/1[java.awt.event.FocusEvent],false,197,1,9,0,9,1,1,3,0,0,1,1,0,0,0,0,0,0,0,0,0,0,0,0,0,0,5,1,0,false
/home/lucas/Documentos/ufc/semestre_10/reuso/trabalho3/Hotel-Management-System/src/CustomerCheckOut.java,CustomerCheckOut$Anonymous4,"isCellEditable/2[int,int]",false,177,0,0,0,0,1,0,3,1,0,2,0,0,0,0,0,0,0,0,0,0,0,0,0,0,0,5,1,0,false
/home/lucas/Documentos/ufc/semestre_10/reuso/trabalho3/Hotel-Management-System/src/CustomerCheckOut.java,CustomerCheckOut$Anonymous3,actionPerformed/1[java.awt.event.ActionEvent],false,155,1,43,0,43,1,1,3,0,0,1,1,0,0,0,0,0,0,0,0,0,0,0,0,0,0,6,1,0,false
/home/lucas/Documentos/ufc/semestre_10/reuso/trabalho3/Hotel-Management-System/src/CustomerCheckOut.java,CustomerCheckOut$Anonymous2,actionPerformed/1[java.awt.event.ActionEvent],false,144,1,43,0,43,1,1,3,0,0,1,1,0,0,0,0,0,0,0,0,0,0,0,0,0,0,5,1,0,false
/home/lucas/Documentos/ufc/semestre_10/reuso/trabalho3/Hotel-Management-System/src/CustomerCheckOut.java,CustomerCheckOut$Anonymous1,actionPerformed/1[java.awt.event.ActionEvent],false,131,1,43,0,43,1,1,3,0,0,1,1,0,0,0,0,0,0,0,0,0,0,0,0,0,0,6,1,0,false
/home/lucas/Documentos/ufc/semestre_10/reuso/trabalho3/Hotel-Management-System/src/Signup.java,Signup$Anonymous3,keyPressed/1[java.awt.event.KeyEvent],false,81,1,15,0,15,1,1,3,0,0,1,1,0,0,0,0,0,0,0,0,0,0,0,0,0,0,5,1,0,false
/home/lucas/Documentos/ufc/semestre_10/reuso/trabalho3/Hotel-Management-System/src/CustomerCheckIn.java,CustomerCheckIn$Anonymous16,actionPerformed/1[java.awt.event.ActionEvent],false,243,1,43,0,43,1,1,3,0,0,1,1,0,0,0,0,0,0,0,0,0,0,0,0,0,0,5,1,0,false
/home/lucas/Documentos/ufc/semestre_10/reuso/trabalho3/Hotel-Management-System/src/CustomerCheckOut.java,CustomerCheckOut$Anonymous8,run/0,false,479,1,12,0,12,1,1,3,0,0,0,1,0,0,0,0,0,0,0,0,0,0,0,0,0,0,5,1,0,false
/home/lucas/Documentos/ufc/semestre_10/reuso/trabalho3/Hotel-Management-System/src/Signup.java,Signup$Anonymous4,actionPerformed/1[java.awt.event.ActionEvent],false,92,1,43,0,43,1,1,3,0,0,1,1,0,0,0,0,0,0,0,0,0,0,0,0,0,0,6,1,0,false
/home/lucas/Documentos/ufc/semestre_10/reuso/trabalho3/Hotel-Management-System/src/CustomerCheckIn.java,CustomerCheckIn$Anonymous15,mouseClicked/1[java.awt.event.MouseEvent],false,238,1,9,0,9,1,1,3,0,0,1,1,0,0,0,0,0,0,0,0,0,0,0,0,0,0,5,1,0,false
/home/lucas/Documentos/ufc/semestre_10/reuso/trabalho3/Hotel-Management-System/src/CustomerCheckOut.java,CustomerCheckOut$Anonymous7,actionPerformed/1[java.awt.event.ActionEvent],false,278,1,43,0,43,1,1,3,0,0,1,1,0,0,0,0,0,0,0,0,0,0,0,0,0,0,6,1,0,false
/home/lucas/Documentos/ufc/semestre_10/reuso/trabalho3/Hotel-Management-System/src/Signup.java,Signup$Anonymous1,mouseClicked/1[java.awt.event.MouseEvent],false,65,1,9,0,9,1,1,3,0,0,1,1,0,0,0,0,0,0,0,0,0,0,0,0,0,0,6,1,0,false
/home/lucas/Documentos/ufc/semestre_10/reuso/trabalho3/Hotel-Management-System/src/CustomerCheckIn.java,CustomerCheckIn$Anonymous18,itemStateChanged/1[java.awt.event.ItemEvent],false,271,1,3,0,3,1,1,3,0,0,1,1,0,0,0,0,0,0,0,0,0,0,0,0,0,0,6,1,0,false
/home/lucas/Documentos/ufc/semestre_10/reuso/trabalho3/Hotel-Management-System/src/CustomerCheckOut.java,CustomerCheckOut$Anonymous6,actionPerformed/1[java.awt.event.ActionEvent],false,267,1,43,0,43,1,1,3,0,0,1,1,0,0,0,0,0,0,0,0,0,0,0,0,0,0,6,1,0,false
/home/lucas/Documentos/ufc/semestre_10/reuso/trabalho3/Hotel-Management-System/src/Signup.java,Signup$Anonymous2,actionPerformed/1[java.awt.event.ActionEvent],false,76,1,43,0,43,1,1,3,0,0,1,1,0,0,0,0,0,0,0,0,0,0,0,0,0,0,5,1,0,false
/home/lucas/Documentos/ufc/semestre_10/reuso/trabalho3/Hotel-Management-System/src/CustomerCheckIn.java,CustomerCheckIn$Anonymous17,actionPerformed/1[java.awt.event.ActionEvent],false,257,1,43,0,43,1,1,3,0,0,1,1,0,0,0,0,0,0,0,0,0,0,0,0,0,0,5,1,0,false
/home/lucas/Documentos/ufc/semestre_10/reuso/trabalho3/Hotel-Management-System/src/CustomerCheckOut.java,CustomerCheckOut$Anonymous5,mouseClicked/1[java.awt.event.MouseEvent],false,182,1,9,0,9,1,1,3,0,0,1,1,0,0,0,0,0,0,0,0,0,0,0,0,0,0,6,1,0,false
/home/lucas/Documentos/ufc/semestre_10/reuso/trabalho3/Hotel-Management-System/src/Signup.java,Signup$Anonymous7,keyPressed/1[java.awt.event.KeyEvent],false,116,1,15,0,15,1,1,3,0,0,1,1,0,0,0,0,0,0,0,0,0,0,0,0,0,0,5,1,0,false
/home/lucas/Documentos/ufc/semestre_10/reuso/trabalho3/Hotel-Management-System/src/CustomerCheckIn.java,CustomerCheckIn$Anonymous12,focusLost/1[java.awt.event.FocusEvent],false,215,1,9,0,9,1,1,3,0,0,1,1,0,0,0,0,0,0,0,0,0,0,0,0,0,0,5,1,0,false
/home/lucas/Documentos/ufc/semestre_10/reuso/trabalho3/Hotel-Management-System/src/Start1.java,Start1$Anonymous2,run/0,false,80,1,12,0,12,1,1,3,0,0,0,1,0,0,0,0,0,0,0,0,0,0,0,0,0,0,3,1,0,false
/home/lucas/Documentos/ufc/semestre_10/reuso/trabalho3/Hotel-Management-System/src/Signup.java,Signup$Anonymous8,keyPressed/1[java.awt.event.KeyEvent],false,125,1,15,0,15,1,1,3,0,0,1,1,0,0,0,0,0,0,0,0,0,0,0,0,0,0,7,1,0,false
/home/lucas/Documentos/ufc/semestre_10/reuso/trabalho3/Hotel-Management-System/src/CustomerCheckIn.java,CustomerCheckIn$Anonymous11,keyPressed/1[java.awt.event.KeyEvent],false,202,1,15,0,15,1,1,3,0,0,1,1,0,0,0,0,0,0,0,0,0,0,0,0,0,0,5,1,0,false
/home/lucas/Documentos/ufc/semestre_10/reuso/trabalho3/Hotel-Management-System/src/Start1.java,Start1$Anonymous1,run/0,false,9,1,12,0,12,7,6,18,0,1,0,6,0,0,1,0,1,0,7,3,1,0,3,0,0,0,8,1,0,false
/home/lucas/Documentos/ufc/semestre_10/reuso/trabalho3/Hotel-Management-System/src/Signup.java,Signup$Anonymous5,keyPressed/1[java.awt.event.KeyEvent],false,100,1,15,0,15,1,1,3,0,0,1,1,0,0,0,0,0,0,0,0,0,0,0,0,0,0,5,1,0,false
/home/lucas/Documentos/ufc/semestre_10/reuso/trabalho3/Hotel-Management-System/src/Signup.java,Signup$Anonymous5,keyReleased/1[java.awt.event.KeyEvent],false,103,1,4,0,4,1,1,3,0,0,1,1,0,0,0,0,0,0,0,0,0,0,0,0,0,0,5,1,0,false
/home/lucas/Documentos/ufc/semestre_10/reuso/trabalho3/Hotel-Management-System/src/CustomerCheckIn.java,CustomerCheckIn$Anonymous14,focusLost/1[java.awt.event.FocusEvent],false,233,1,9,0,9,1,1,3,0,0,1,1,0,0,0,0,0,0,0,0,0,0,0,0,0,0,5,1,0,false
/home/lucas/Documentos/ufc/semestre_10/reuso/trabalho3/Hotel-Management-System/src/Signup.java,Signup$Anonymous6,actionPerformed/1[java.awt.event.ActionEvent],false,111,1,43,0,43,1,1,3,0,0,1,1,0,0,0,0,0,0,0,0,0,0,0,0,0,0,5,1,0,false
/home/lucas/Documentos/ufc/semestre_10/reuso/trabalho3/Hotel-Management-System/src/CustomerCheckIn.java,CustomerCheckIn$Anonymous13,keyPressed/1[java.awt.event.KeyEvent],false,220,1,15,0,15,1,1,3,0,0,1,1,0,0,0,0,0,0,0,0,0,0,0,0,0,0,5,1,0,false
