file,class,type,cbo,cboModified,fanin,fanout,wmc,dit,noc,rfc,lcom,lcom*,tcc,lcc,totalMethodsQty,staticMethodsQty,publicMethodsQty,privateMethodsQty,protectedMethodsQty,defaultMethodsQty,visibleMethodsQty,abstractMethodsQty,finalMethodsQty,synchronizedMethodsQty,totalFieldsQty,staticFieldsQty,publicFieldsQty,privateFieldsQty,protectedFieldsQty,defaultFieldsQty,finalFieldsQty,synchronizedFieldsQty,nosi,loc,returnQty,loopQty,comparisonsQty,tryCatchQty,parenthesizedExpsQty,stringLiteralsQty,numbersQty,assignmentsQty,mathOperationsQty,variablesQty,maxNestedBlocksQty,anonymousClassesQty,innerClassesQty,lambdasQty,uniqueWordsQty,modifiers,logStatementsQty
/home/lucas/Documentos/ufc/semestre_10/reuso/trabalho3/Hotel-Management-System/src/ui/Signup.java,ui.Signup$Anonymous5,anonymous,1,1,0,1,2,1,0,2,1,0.0,0.0,0.0,2,0,2,0,0,0,2,0,0,0,0,0,0,0,0,0,0,0,0,8,0,0,0,0,0,0,0,0,0,0,0,0,0,0,6,-1,0
/home/lucas/Documentos/ufc/semestre_10/reuso/trabalho3/Hotel-Management-System/src/ui/SignIn.java,ui.SignIn$Anonymous7,anonymous,1,1,0,1,1,1,0,1,0,0.0,NaN,NaN,1,0,1,0,0,0,1,0,0,0,0,0,0,0,0,0,0,0,0,5,0,0,0,0,0,0,0,0,0,0,0,0,0,0,6,-1,0
/home/lucas/Documentos/ufc/semestre_10/reuso/trabalho3/Hotel-Management-System/src/ui/Signup.java,ui.Signup$Anonymous6,anonymous,1,1,0,1,1,1,0,1,0,0.0,NaN,NaN,1,0,1,0,0,0,1,0,0,0,0,0,0,0,0,0,0,0,0,5,0,0,0,0,0,0,0,0,0,0,0,0,0,0,5,-1,0
/home/lucas/Documentos/ufc/semestre_10/reuso/trabalho3/Hotel-Management-System/src/ui/SignIn.java,ui.SignIn$Anonymous8,anonymous,1,1,0,1,2,1,0,2,1,0.0,0.0,0.0,2,0,2,0,0,0,2,0,0,0,0,0,0,0,0,0,0,0,0,8,0,0,0,0,0,0,0,0,0,0,0,0,0,0,7,-1,0
/home/lucas/Documentos/ufc/semestre_10/reuso/trabalho3/Hotel-Management-System/src/model/Customer.java,model.Customer,class,0,6,6,0,35,1,0,0,561,0.9428571,0.028571429,0.028571429,35,0,35,0,0,0,35,0,0,0,17,0,0,17,0,0,0,0,0,123,17,0,0,0,0,0,0,17,0,17,0,0,0,0,38,1,0
/home/lucas/Documentos/ufc/semestre_10/reuso/trabalho3/Hotel-Management-System/src/ui/Signup.java,ui.Signup$Anonymous3,anonymous,1,1,0,1,1,1,0,1,0,0.0,NaN,NaN,1,0,1,0,0,0,1,0,0,0,0,0,0,0,0,0,0,0,0,5,0,0,0,0,0,0,0,0,0,0,0,0,0,0,5,-1,0
/home/lucas/Documentos/ufc/semestre_10/reuso/trabalho3/Hotel-Management-System/src/ui/SignIn.java,ui.SignIn$Anonymous5,anonymous,1,1,0,1,1,1,0,1,0,0.0,NaN,NaN,1,0,1,0,0,0,1,0,0,0,0,0,0,0,0,0,0,0,0,5,0,0,0,0,0,0,0,0,0,0,0,0,0,0,5,-1,0
/home/lucas/Documentos/ufc/semestre_10/reuso/trabalho3/Hotel-Management-System/src/ui/Signup.java,ui.Signup$Anonymous4,anonymous,1,1,0,1,1,1,0,1,0,0.0,NaN,NaN,1,0,1,0,0,0,1,0,0,0,0,0,0,0,0,0,0,0,0,5,0,0,0,0,0,0,0,0,0,0,0,0,0,0,6,-1,0
/home/lucas/Documentos/ufc/semestre_10/reuso/trabalho3/Hotel-Management-System/src/ui/SignIn.java,ui.SignIn$Anonymous6,anonymous,1,1,0,1,1,1,0,1,0,0.0,NaN,NaN,1,0,1,0,0,0,1,0,0,0,0,0,0,0,0,0,0,0,0,5,0,0,0,0,0,0,0,0,0,0,0,0,0,0,6,-1,0
/home/lucas/Documentos/ufc/semestre_10/reuso/trabalho3/Hotel-Management-System/src/ui/Signup.java,ui.Signup$Anonymous9,anonymous,1,1,0,1,1,1,0,1,0,0.0,NaN,NaN,1,0,1,0,0,0,1,0,0,0,0,0,0,0,0,0,0,0,0,5,0,0,0,0,0,0,0,0,0,0,0,0,0,0,5,-1,0
/home/lucas/Documentos/ufc/semestre_10/reuso/trabalho3/Hotel-Management-System/src/ui/CustomerDetailsBill.java,ui.CustomerDetailsBill,class,6,14,8,6,19,6,0,52,26,0.8645833,0.0,0.0,8,1,3,5,0,0,3,0,0,0,12,1,0,11,0,1,1,0,8,165,1,3,1,1,1,33,75,19,0,19,3,6,0,0,105,1,0
/home/lucas/Documentos/ufc/semestre_10/reuso/trabalho3/Hotel-Management-System/src/ui/Start.java,ui.Start$Anonymous2,anonymous,1,1,0,1,1,1,0,1,0,0.0,NaN,NaN,1,0,1,0,0,0,1,0,0,0,0,0,0,0,0,0,0,0,0,5,0,0,0,0,0,0,0,0,0,0,0,0,0,0,3,-1,0
/home/lucas/Documentos/ufc/semestre_10/reuso/trabalho3/Hotel-Management-System/src/ui/Signup.java,ui.Signup$Anonymous7,anonymous,1,1,0,1,1,1,0,1,0,0.0,NaN,NaN,1,0,1,0,0,0,1,0,0,0,0,0,0,0,0,0,0,0,0,5,0,0,0,0,0,0,0,0,0,0,0,0,0,0,5,-1,0
/home/lucas/Documentos/ufc/semestre_10/reuso/trabalho3/Hotel-Management-System/src/ui/SignIn.java,ui.SignIn$Anonymous9,anonymous,1,1,0,1,1,1,0,1,0,0.0,NaN,NaN,1,0,1,0,0,0,1,0,0,0,0,0,0,0,0,0,0,0,0,5,0,0,0,0,0,0,0,0,0,0,0,0,0,0,6,-1,0
/home/lucas/Documentos/ufc/semestre_10/reuso/trabalho3/Hotel-Management-System/src/ui/Start.java,ui.Start$Anonymous1,anonymous,1,1,0,1,2,1,0,2,0,0.0,NaN,NaN,1,0,1,0,0,0,1,0,0,0,0,0,0,0,0,0,0,0,1,10,0,0,0,1,0,0,1,0,0,0,1,0,0,0,6,-1,0
/home/lucas/Documentos/ufc/semestre_10/reuso/trabalho3/Hotel-Management-System/src/ui/Signup.java,ui.Signup$Anonymous8,anonymous,1,1,0,1,1,1,0,1,0,0.0,NaN,NaN,1,0,1,0,0,0,1,0,0,0,0,0,0,0,0,0,0,0,0,5,0,0,0,0,0,0,0,0,0,0,0,0,0,0,7,-1,0
/home/lucas/Documentos/ufc/semestre_10/reuso/trabalho3/Hotel-Management-System/src/ui/Home.java,ui.Home,class,8,17,9,8,17,6,0,28,36,0.8888889,0.0,0.0,9,1,2,7,0,0,2,0,0,0,7,0,0,7,0,0,0,0,10,141,0,1,2,1,0,23,53,9,0,9,3,7,0,0,85,1,0
/home/lucas/Documentos/ufc/semestre_10/reuso/trabalho3/Hotel-Management-System/src/ui/Signup.java,ui.Signup$Anonymous1,anonymous,1,1,0,1,1,1,0,1,0,0.0,NaN,NaN,1,0,1,0,0,0,1,0,0,0,0,0,0,0,0,0,0,0,0,5,0,0,0,0,0,0,0,0,0,0,0,0,0,0,6,-1,0
/home/lucas/Documentos/ufc/semestre_10/reuso/trabalho3/Hotel-Management-System/src/ui/Signup.java,ui.Signup$Anonymous2,anonymous,1,1,0,1,1,1,0,1,0,0.0,NaN,NaN,1,0,1,0,0,0,1,0,0,0,0,0,0,0,0,0,0,0,0,5,0,0,0,0,0,0,0,0,0,0,0,0,0,0,5,-1,0
/home/lucas/Documentos/ufc/semestre_10/reuso/trabalho3/Hotel-Management-System/src/service/validation/ValidationStrategy.java,service.validation.ValidationStrategy,interface,1,13,12,1,1,1,0,0,0,0.0,NaN,NaN,1,0,0,0,0,1,1,0,0,0,0,0,0,0,0,0,0,0,0,3,0,0,0,0,0,0,0,0,0,0,0,0,0,0,3,1,0
/home/lucas/Documentos/ufc/semestre_10/reuso/trabalho3/Hotel-Management-System/src/model/Room.java,model.Room,class,0,4,4,0,12,1,0,0,36,0.75,0.22727273,0.8333333,12,0,12,0,0,0,12,0,0,0,5,0,0,5,0,0,0,0,0,46,5,0,0,0,0,0,0,10,0,5,0,0,0,0,12,1,0
/home/lucas/Documentos/ufc/semestre_10/reuso/trabalho3/Hotel-Management-System/src/service/validation/DecimalValidation.java,service.validation.DecimalValidation,class,2,3,1,2,3,1,0,3,0,0.0,1.0,1.0,2,0,2,0,0,0,2,0,0,0,3,0,0,3,0,0,3,0,3,19,2,0,0,1,0,0,0,3,0,3,1,0,0,0,10,1,0
/home/lucas/Documentos/ufc/semestre_10/reuso/trabalho3/Hotel-Management-System/src/ui/HotelManagementSystem.java,ui.HotelManagementSystem,class,0,0,0,0,1,1,0,0,0,0.0,NaN,NaN,1,1,1,0,0,0,1,0,0,0,0,0,0,0,0,0,0,0,0,4,0,0,0,0,0,0,0,0,0,0,0,0,0,0,11,1,0
/home/lucas/Documentos/ufc/semestre_10/reuso/trabalho3/Hotel-Management-System/src/dao/CustomerDao.java,dao.CustomerDao,class,3,8,5,3,15,1,0,39,28,0.0,0.0,0.0,8,0,7,1,0,0,7,0,0,0,0,0,0,0,0,0,0,0,7,119,10,2,0,11,0,30,29,29,1,29,3,0,0,0,49,1,0
/home/lucas/Documentos/ufc/semestre_10/reuso/trabalho3/Hotel-Management-System/src/ui/SignIn.java,ui.SignIn$Anonymous3,anonymous,1,1,0,1,1,1,0,1,0,0.0,NaN,NaN,1,0,1,0,0,0,1,0,0,0,0,0,0,0,0,0,0,0,0,5,0,0,0,0,0,0,0,0,0,0,0,0,0,0,5,-1,0
/home/lucas/Documentos/ufc/semestre_10/reuso/trabalho3/Hotel-Management-System/src/ui/SignIn.java,ui.SignIn$Anonymous4,anonymous,1,1,0,1,3,1,0,3,3,0.0,0.0,0.0,3,0,3,0,0,0,3,0,0,0,0,0,0,0,0,0,0,0,0,11,0,0,0,0,0,0,0,0,0,0,0,0,0,0,7,-1,0
/home/lucas/Documentos/ufc/semestre_10/reuso/trabalho3/Hotel-Management-System/src/ui/SignIn.java,ui.SignIn$Anonymous1,anonymous,1,1,0,1,1,1,0,1,0,0.0,NaN,NaN,1,0,1,0,0,0,1,0,0,0,0,0,0,0,0,0,0,0,0,5,0,0,0,0,0,0,0,0,0,0,0,0,0,0,6,-1,0
/home/lucas/Documentos/ufc/semestre_10/reuso/trabalho3/Hotel-Management-System/src/service/AuthService.java,service.AuthService$Status,enum,0,0,0,0,0,1,0,0,0,0.0,-1.0,-1.0,0,0,0,0,0,0,0,0,0,0,0,0,0,0,0,0,0,0,0,1,0,0,0,0,0,0,0,0,0,0,0,0,0,0,5,1,0
/home/lucas/Documentos/ufc/semestre_10/reuso/trabalho3/Hotel-Management-System/src/ui/SignIn.java,ui.SignIn$Anonymous2,anonymous,1,1,0,1,1,1,0,1,0,0.0,NaN,NaN,1,0,1,0,0,0,1,0,0,0,0,0,0,0,0,0,0,0,0,5,0,0,0,0,0,0,0,0,0,0,0,0,0,0,6,-1,0
/home/lucas/Documentos/ufc/semestre_10/reuso/trabalho3/Hotel-Management-System/src/model/User.java,model.User,class,0,5,5,0,14,1,0,0,55,0.7857142,0.1978022,0.85714287,14,0,14,0,0,0,14,0,0,0,6,0,0,6,0,0,0,0,0,54,6,0,0,0,0,0,0,12,0,6,0,0,0,0,16,1,0
/home/lucas/Documentos/ufc/semestre_10/reuso/trabalho3/Hotel-Management-System/src/ui/Home.java,ui.Home$Anonymous1,anonymous,1,1,0,1,1,1,0,1,0,0.0,NaN,NaN,1,0,1,0,0,0,1,0,0,0,0,0,0,0,0,0,0,0,0,5,0,0,0,0,0,0,0,0,0,0,0,0,0,0,6,-1,0
/home/lucas/Documentos/ufc/semestre_10/reuso/trabalho3/Hotel-Management-System/src/ui/Home.java,ui.Home$Anonymous5,anonymous,1,1,0,1,1,1,0,1,0,0.0,NaN,NaN,1,0,1,0,0,0,1,0,0,0,0,0,0,0,0,0,0,0,0,5,0,0,0,0,0,0,0,0,0,0,0,0,0,0,6,-1,0
/home/lucas/Documentos/ufc/semestre_10/reuso/trabalho3/Hotel-Management-System/src/ui/Home.java,ui.Home$Anonymous4,anonymous,1,1,0,1,1,1,0,1,0,0.0,NaN,NaN,1,0,1,0,0,0,1,0,0,0,0,0,0,0,0,0,0,0,0,5,0,0,0,0,0,0,0,0,0,0,0,0,0,0,6,-1,0
/home/lucas/Documentos/ufc/semestre_10/reuso/trabalho3/Hotel-Management-System/src/ui/Home.java,ui.Home$Anonymous3,anonymous,1,1,0,1,1,1,0,1,0,0.0,NaN,NaN,1,0,1,0,0,0,1,0,0,0,0,0,0,0,0,0,0,0,0,5,0,0,0,0,0,0,0,0,0,0,0,0,0,0,6,-1,0
/home/lucas/Documentos/ufc/semestre_10/reuso/trabalho3/Hotel-Management-System/src/ui/Home.java,ui.Home$Anonymous2,anonymous,1,1,0,1,1,1,0,1,0,0.0,NaN,NaN,1,0,1,0,0,0,1,0,0,0,0,0,0,0,0,0,0,0,0,5,0,0,0,0,0,0,0,0,0,0,0,0,0,0,6,-1,0
/home/lucas/Documentos/ufc/semestre_10/reuso/trabalho3/Hotel-Management-System/src/controller/CheckInController.java,controller.CheckInController,class,3,4,1,3,5,1,0,9,0,0.0,1.0,1.0,3,0,3,0,0,0,3,0,0,0,1,0,0,1,0,0,1,0,3,19,5,0,2,0,0,1,0,2,0,2,1,0,0,0,18,1,0
/home/lucas/Documentos/ufc/semestre_10/reuso/trabalho3/Hotel-Management-System/src/service/UserService.java,service.UserService$Anonymous2,anonymous,4,4,0,4,4,1,0,6,1,0.0,0.0,0.0,2,0,0,0,2,0,2,0,0,0,0,0,0,0,0,0,0,0,4,17,4,0,0,1,0,6,0,0,0,0,2,0,0,0,16,-1,0
/home/lucas/Documentos/ufc/semestre_10/reuso/trabalho3/Hotel-Management-System/src/ui/Home.java,ui.Home$Anonymous7,anonymous,1,1,0,1,1,1,0,1,0,0.0,NaN,NaN,1,0,1,0,0,0,1,0,0,0,0,0,0,0,0,0,0,0,0,5,0,0,0,0,0,0,0,0,0,0,0,0,0,0,3,-1,0
/home/lucas/Documentos/ufc/semestre_10/reuso/trabalho3/Hotel-Management-System/src/service/UserService.java,service.UserService$Anonymous3,anonymous,4,4,0,4,4,1,0,6,1,0.0,0.0,0.0,2,0,0,0,2,0,2,0,0,0,0,0,0,0,0,0,0,0,4,17,4,0,0,1,0,5,0,0,0,0,2,0,0,0,16,-1,0
/home/lucas/Documentos/ufc/semestre_10/reuso/trabalho3/Hotel-Management-System/src/ui/Home.java,ui.Home$Anonymous6,anonymous,1,1,0,1,1,1,0,1,0,0.0,NaN,NaN,1,0,1,0,0,0,1,0,0,0,0,0,0,0,0,0,0,0,0,5,0,0,0,0,0,0,0,0,0,0,0,0,0,0,6,-1,0
/home/lucas/Documentos/ufc/semestre_10/reuso/trabalho3/Hotel-Management-System/src/service/validation/RoomNumberAvailableValidation.java,service.validation.RoomNumberAvailableValidation,class,3,4,1,3,4,1,0,4,0,0.0,1.0,1.0,2,0,2,0,0,0,2,0,0,0,2,0,0,2,0,0,2,0,3,19,3,0,1,1,0,1,0,2,0,2,2,0,0,0,15,1,0
/home/lucas/Documentos/ufc/semestre_10/reuso/trabalho3/Hotel-Management-System/src/service/UserService.java,service.UserService$Anonymous1,anonymous,6,6,0,6,3,1,0,5,1,0.0,0.0,0.0,2,0,0,0,2,0,2,0,0,0,0,0,0,0,0,0,0,0,3,15,3,0,0,1,0,8,0,1,0,1,1,0,0,0,16,-1,0
/home/lucas/Documentos/ufc/semestre_10/reuso/trabalho3/Hotel-Management-System/src/ui/CustomerCheckIn.java,ui.CustomerCheckIn$Anonymous5,anonymous,1,1,0,1,1,1,0,1,0,0.0,NaN,NaN,1,0,1,0,0,0,1,0,0,0,0,0,0,0,0,0,0,0,0,5,0,0,0,0,0,0,0,0,0,0,0,0,0,0,5,-1,0
/home/lucas/Documentos/ufc/semestre_10/reuso/trabalho3/Hotel-Management-System/src/ui/CustomerCheckIn.java,ui.CustomerCheckIn$Anonymous4,anonymous,1,1,0,1,1,1,0,1,0,0.0,NaN,NaN,1,0,1,0,0,0,1,0,0,0,0,0,0,0,0,0,0,0,0,5,0,0,0,0,0,0,0,0,0,0,0,0,0,0,5,-1,0
/home/lucas/Documentos/ufc/semestre_10/reuso/trabalho3/Hotel-Management-System/src/ui/CustomerCheckIn.java,ui.CustomerCheckIn$Anonymous3,anonymous,1,1,0,1,1,1,0,1,0,0.0,NaN,NaN,1,0,1,0,0,0,1,0,0,0,0,0,0,0,0,0,0,0,0,5,0,0,0,0,0,0,0,0,0,0,0,0,0,0,5,-1,0
/home/lucas/Documentos/ufc/semestre_10/reuso/trabalho3/Hotel-Management-System/src/ui/CustomerCheckIn.java,ui.CustomerCheckIn$Anonymous2,anonymous,1,1,0,1,1,1,0,1,0,0.0,NaN,NaN,1,0,1,0,0,0,1,0,0,0,0,0,0,0,0,0,0,0,0,5,0,0,0,0,0,0,0,0,0,0,0,0,0,0,5,-1,0
/home/lucas/Documentos/ufc/semestre_10/reuso/trabalho3/Hotel-Management-System/src/ui/CustomerCheckIn.java,ui.CustomerCheckIn$Anonymous1,anonymous,1,1,0,1,2,1,0,2,1,0.0,0.0,0.0,2,0,2,0,0,0,2,0,0,0,0,0,0,0,0,0,0,0,0,8,0,0,0,0,0,0,0,0,0,0,0,0,0,0,6,-1,0
/home/lucas/Documentos/ufc/semestre_10/reuso/trabalho3/Hotel-Management-System/src/org/netbeans/lib/awtextra/AbsoluteLayout.java,org.netbeans.lib.awtextra.AbsoluteLayout,class,3,16,13,3,23,1,0,13,35,0.54545456,0.13333334,0.13333334,11,0,10,1,0,0,10,0,0,0,1,0,0,1,0,0,1,0,2,99,6,2,9,0,0,1,20,31,6,17,3,0,1,0,49,1,0
/home/lucas/Documentos/ufc/semestre_10/reuso/trabalho3/Hotel-Management-System/src/service/BillingService.java,service.BillingService,class,3,4,1,3,6,1,0,6,0,0.0,1.0,1.0,3,0,3,0,0,0,3,0,0,0,1,0,0,1,0,0,1,0,3,27,6,0,0,3,0,2,0,1,0,1,1,0,0,0,22,1,0
/home/lucas/Documentos/ufc/semestre_10/reuso/trabalho3/Hotel-Management-System/src/ui/Signup.java,ui.Signup,class,6,21,15,6,42,6,0,56,153,0.94444454,0.0,0.0,18,1,2,16,0,0,2,0,0,0,20,0,0,19,0,1,1,0,11,304,1,1,8,1,0,47,143,28,1,26,3,13,0,0,123,1,0
/home/lucas/Documentos/ufc/semestre_10/reuso/trabalho3/Hotel-Management-System/src/ui/CustomerCheckIn.java,ui.CustomerCheckIn$Anonymous9,anonymous,1,1,0,1,1,1,0,1,0,0.0,NaN,NaN,1,0,1,0,0,0,1,0,0,0,0,0,0,0,0,0,0,0,0,5,0,0,0,0,0,0,0,0,0,0,0,0,0,0,5,-1,0
/home/lucas/Documentos/ufc/semestre_10/reuso/trabalho3/Hotel-Management-System/src/service/validation/NumericValidation.java,service.validation.NumericValidation,class,2,3,1,2,3,1,0,3,0,0.0,1.0,1.0,2,0,2,0,0,0,2,0,0,0,3,0,0,3,0,0,3,0,3,19,2,0,0,1,0,0,0,3,0,3,1,0,0,0,10,1,0
/home/lucas/Documentos/ufc/semestre_10/reuso/trabalho3/Hotel-Management-System/src/ui/CustomerCheckIn.java,ui.CustomerCheckIn$Anonymous8,anonymous,1,1,0,1,1,1,0,1,0,0.0,NaN,NaN,1,0,1,0,0,0,1,0,0,0,0,0,0,0,0,0,0,0,0,5,0,0,0,0,0,0,0,0,0,0,0,0,0,0,5,-1,0
/home/lucas/Documentos/ufc/semestre_10/reuso/trabalho3/Hotel-Management-System/src/ui/CustomerCheckIn.java,ui.CustomerCheckIn$Anonymous7,anonymous,1,1,0,1,1,1,0,1,0,0.0,NaN,NaN,1,0,1,0,0,0,1,0,0,0,0,0,0,0,0,0,0,0,0,5,0,0,0,0,0,0,0,0,0,0,0,0,0,0,5,-1,0
/home/lucas/Documentos/ufc/semestre_10/reuso/trabalho3/Hotel-Management-System/src/controller/LoginStatus.java,controller.LoginStatus,enum,0,3,3,0,0,1,0,0,0,0.0,-1.0,-1.0,0,0,0,0,0,0,0,0,0,0,0,0,0,0,0,0,0,0,0,1,0,0,0,0,0,0,0,0,0,0,0,0,0,0,6,1,0
/home/lucas/Documentos/ufc/semestre_10/reuso/trabalho3/Hotel-Management-System/src/ui/CustomerCheckIn.java,ui.CustomerCheckIn$Anonymous6,anonymous,1,1,0,1,3,1,0,3,3,0.0,0.0,0.0,3,0,3,0,0,0,3,0,0,0,0,0,0,0,0,0,0,0,0,11,0,0,0,0,0,0,0,0,0,0,0,0,0,0,7,-1,0
/home/lucas/Documentos/ufc/semestre_10/reuso/trabalho3/Hotel-Management-System/src/org/netbeans/lib/awtextra/AbsoluteConstraints.java,org.netbeans.lib.awtextra.AbsoluteConstraints,class,0,13,13,0,5,1,0,0,0,0.2,0.1,0.1,5,0,5,0,0,0,5,0,0,0,4,0,4,0,0,0,0,0,0,24,0,0,0,0,0,0,4,4,0,4,0,0,0,0,13,1,0
/home/lucas/Documentos/ufc/semestre_10/reuso/trabalho3/Hotel-Management-System/src/service/CheckOutService.java,service.CheckOutService,class,5,6,1,5,13,1,0,19,0,0.5,0.5,0.5,4,0,4,0,0,0,4,0,0,0,2,0,0,2,0,0,2,0,13,65,10,0,3,4,2,13,5,16,4,14,2,0,0,0,52,1,0
/home/lucas/Documentos/ufc/semestre_10/reuso/trabalho3/Hotel-Management-System/src/service/StayCalculation.java,service.StayCalculation,class,0,2,2,0,3,1,0,0,0,0.33333334,0.6666667,1.0,3,0,3,0,0,0,3,0,0,0,2,0,0,2,0,0,2,0,0,14,2,0,0,0,0,0,0,2,0,2,0,0,0,0,7,1,0
/home/lucas/Documentos/ufc/semestre_10/reuso/trabalho3/Hotel-Management-System/src/controller/BillingController.java,controller.BillingController,class,6,8,2,6,7,1,0,25,0,0.25,1.0,1.0,4,0,3,1,0,0,3,0,0,0,1,0,0,1,0,0,1,0,2,27,6,1,2,0,0,1,0,4,0,4,1,0,0,0,25,1,0
/home/lucas/Documentos/ufc/semestre_10/reuso/trabalho3/Hotel-Management-System/src/controller/AdminController.java,controller.AdminController,class,5,7,2,5,8,1,0,16,0,0.25,1.0,1.0,4,0,3,1,0,0,3,0,0,0,1,0,0,1,0,0,1,0,3,27,5,1,2,0,0,2,0,4,0,4,1,0,0,0,24,1,0
/home/lucas/Documentos/ufc/semestre_10/reuso/trabalho3/Hotel-Management-System/src/ui/CustomerCheckIn.java,ui.CustomerCheckIn$Anonymous27,anonymous,1,1,0,1,1,1,0,1,0,0.0,NaN,NaN,1,0,1,0,0,0,1,0,0,0,0,0,0,0,0,0,0,0,0,5,0,0,0,0,0,0,0,0,0,0,0,0,0,0,5,-1,0
/home/lucas/Documentos/ufc/semestre_10/reuso/trabalho3/Hotel-Management-System/src/ui/CustomerCheckIn.java,ui.CustomerCheckIn$Anonymous26,anonymous,1,1,0,1,1,1,0,1,0,0.0,NaN,NaN,1,0,1,0,0,0,1,0,0,0,0,0,0,0,0,0,0,0,0,5,0,0,0,0,0,0,0,0,0,0,0,0,0,0,6,-1,0
/home/lucas/Documentos/ufc/semestre_10/reuso/trabalho3/Hotel-Management-System/src/ui/CustomerCheckIn.java,ui.CustomerCheckIn$Anonymous25,anonymous,1,1,0,1,1,1,0,1,0,0.0,NaN,NaN,1,0,1,0,0,0,1,0,0,0,0,0,0,0,0,0,0,0,0,5,0,0,0,0,0,0,0,0,0,0,0,0,0,0,6,-1,0
/home/lucas/Documentos/ufc/semestre_10/reuso/trabalho3/Hotel-Management-System/src/ui/CustomerCheckIn.java,ui.CustomerCheckIn$Anonymous24,anonymous,1,1,0,1,1,1,0,1,0,0.0,NaN,NaN,1,0,1,0,0,0,1,0,0,0,0,0,0,0,0,0,0,0,0,5,0,0,0,0,0,0,0,0,0,0,0,0,0,0,6,-1,0
/home/lucas/Documentos/ufc/semestre_10/reuso/trabalho3/Hotel-Management-System/src/service/ServiceResult.java,service.ServiceResult,class,3,29,26,3,8,1,0,0,10,0.65625,0.14285715,0.1904762,8,3,7,1,0,0,7,0,0,0,4,0,0,4,0,0,4,0,0,34,7,0,0,0,0,0,0,4,0,4,0,0,1,0,19,1,0
/home/lucas/Documentos/ufc/semestre_10/reuso/trabalho3/Hotel-Management-System/src/service/ServiceResult.java,service.ServiceResult$Status,enum,0,0,0,0,0,1,0,0,0,0.0,-1.0,-1.0,0,0,0,0,0,0,0,0,0,0,0,0,0,0,0,0,0,0,0,1,0,0,0,0,0,0,0,0,0,0,0,0,0,0,5,1,0
/home/lucas/Documentos/ufc/semestre_10/reuso/trabalho3/Hotel-Management-System/src/service/validation/UserEmailAvailableValidation.java,service.validation.UserEmailAvailableValidation,class,3,4,1,3,4,1,0,4,0,0.0,1.0,1.0,2,0,2,0,0,0,2,0,0,0,2,0,0,2,0,0,2,0,3,19,3,0,1,1,0,2,0,2,0,2,2,0,0,0,16,1,0
/home/lucas/Documentos/ufc/semestre_10/reuso/trabalho3/Hotel-Management-System/src/ui/SignIn.java,ui.SignIn$Anonymous10,anonymous,1,1,0,1,1,1,0,1,0,0.0,NaN,NaN,1,0,1,0,0,0,1,0,0,0,0,0,0,0,0,0,0,0,0,5,0,0,0,0,0,0,0,0,0,0,0,0,0,0,6,-1,0
/home/lucas/Documentos/ufc/semestre_10/reuso/trabalho3/Hotel-Management-System/src/dao/ConnectionProvider.java,dao.ConnectionProvider,class,0,3,3,0,2,1,0,2,0,0.0,NaN,NaN,1,1,1,0,0,0,1,0,0,0,0,0,0,0,0,0,0,0,2,11,1,0,0,1,0,5,0,0,0,0,1,0,0,0,15,1,0
/home/lucas/Documentos/ufc/semestre_10/reuso/trabalho3/Hotel-Management-System/src/service/UserService.java,service.UserService,class,3,4,1,3,6,1,0,5,6,0.75,0.0,0.0,4,0,4,0,0,0,4,0,0,0,1,0,0,1,0,0,1,0,3,73,6,0,1,1,0,1,0,2,0,2,2,3,0,0,28,1,0
/home/lucas/Documentos/ufc/semestre_10/reuso/trabalho3/Hotel-Management-System/src/service/ServiceTemplate.java,service.ServiceTemplate,class,4,8,4,4,6,1,0,8,3,0.0,0.0,0.0,3,0,1,0,2,0,3,2,1,0,0,0,0,0,0,0,0,0,2,16,3,1,2,0,0,0,0,1,0,1,2,0,0,0,7,1025,0
/home/lucas/Documentos/ufc/semestre_10/reuso/trabalho3/Hotel-Management-System/src/ui/PassWord.java,ui.PassWord$Anonymous6,anonymous,1,1,0,1,1,1,0,1,0,0.0,NaN,NaN,1,0,1,0,0,0,1,0,0,0,0,0,0,0,0,0,0,0,0,5,0,0,0,0,0,0,0,0,0,0,0,0,0,0,5,-1,0
/home/lucas/Documentos/ufc/semestre_10/reuso/trabalho3/Hotel-Management-System/src/ui/CustomerCheckOut.java,ui.CustomerCheckOut,class,8,17,9,8,22,6,0,68,33,0.89655155,0.0,0.0,10,1,3,7,0,0,3,0,0,0,29,0,0,27,0,2,1,0,10,312,2,2,1,1,0,79,205,37,0,39,3,8,0,0,133,1,0
/home/lucas/Documentos/ufc/semestre_10/reuso/trabalho3/Hotel-Management-System/src/service/CheckInService.java,service.CheckInService$Anonymous1,anonymous,8,8,0,8,3,1,0,19,1,0.0,0.0,0.0,2,0,0,0,2,0,2,0,0,0,0,0,0,0,0,0,0,0,3,29,3,0,0,1,0,20,2,1,0,1,1,0,0,0,41,-1,0
/home/lucas/Documentos/ufc/semestre_10/reuso/trabalho3/Hotel-Management-System/src/ui/PassWord.java,ui.PassWord$Anonymous7,anonymous,1,1,0,1,1,1,0,1,0,0.0,NaN,NaN,1,0,1,0,0,0,1,0,0,0,0,0,0,0,0,0,0,0,0,5,0,0,0,0,0,0,0,0,0,0,0,0,0,0,4,-1,0
/home/lucas/Documentos/ufc/semestre_10/reuso/trabalho3/Hotel-Management-System/src/service/validation/LengthValidation.java,service.validation.LengthValidation,class,2,3,1,2,4,1,0,3,0,0.0,1.0,1.0,2,0,2,0,0,0,2,0,0,0,4,0,0,4,0,0,4,0,2,18,2,0,2,0,0,0,0,4,0,4,1,0,0,0,9,1,0
/home/lucas/Documentos/ufc/semestre_10/reuso/trabalho3/Hotel-Management-System/src/ui/PassWord.java,ui.PassWord$Anonymous1,anonymous,1,1,0,1,1,1,0,1,0,0.0,NaN,NaN,1,0,1,0,0,0,1,0,0,0,0,0,0,0,0,0,0,0,0,5,0,0,0,0,0,0,0,0,0,0,0,0,0,0,5,-1,0
/home/lucas/Documentos/ufc/semestre_10/reuso/trabalho3/Hotel-Management-System/src/ui/PassWord.java,ui.PassWord$Anonymous2,anonymous,1,1,0,1,1,1,0,1,0,0.0,NaN,NaN,1,0,1,0,0,0,1,0,0,0,0,0,0,0,0,0,0,0,0,5,0,0,0,0,0,0,0,0,0,0,0,0,0,0,5,-1,0
/home/lucas/Documentos/ufc/semestre_10/reuso/trabalho3/Hotel-Management-System/src/ui/PassWord.java,ui.PassWord$Anonymous3,anonymous,1,1,0,1,1,1,0,1,0,0.0,NaN,NaN,1,0,1,0,0,0,1,0,0,0,0,0,0,0,0,0,0,0,0,5,0,0,0,0,0,0,0,0,0,0,0,0,0,0,5,-1,0
/home/lucas/Documentos/ufc/semestre_10/reuso/trabalho3/Hotel-Management-System/src/ui/GenerateBill.java,ui.GenerateBill,class,5,12,7,5,16,6,0,49,26,0.7916667,0.33333334,0.33333334,8,1,3,5,0,0,3,0,0,0,18,0,0,6,0,12,1,0,8,152,1,1,1,2,0,37,28,19,16,19,3,5,0,0,104,1,0
/home/lucas/Documentos/ufc/semestre_10/reuso/trabalho3/Hotel-Management-System/src/ui/PassWord.java,ui.PassWord$Anonymous4,anonymous,1,1,0,1,1,1,0,1,0,0.0,NaN,NaN,1,0,1,0,0,0,1,0,0,0,0,0,0,0,0,0,0,0,0,5,0,0,0,0,0,0,0,0,0,0,0,0,0,0,6,-1,0
/home/lucas/Documentos/ufc/semestre_10/reuso/trabalho3/Hotel-Management-System/src/ui/PassWord.java,ui.PassWord$Anonymous5,anonymous,1,1,0,1,1,1,0,1,0,0.0,NaN,NaN,1,0,1,0,0,0,1,0,0,0,0,0,0,0,0,0,0,0,0,5,0,0,0,0,0,0,0,0,0,0,0,0,0,0,6,-1,0
/home/lucas/Documentos/ufc/semestre_10/reuso/trabalho3/Hotel-Management-System/src/controller/ActionResult.java,controller.ActionResult,class,2,18,16,2,12,1,0,1,0,0.54545456,0.53333336,1.0,11,5,10,1,0,0,10,0,0,0,4,0,0,4,0,0,4,0,0,42,10,0,1,0,0,0,0,4,0,4,0,0,0,0,16,1,0
/home/lucas/Documentos/ufc/semestre_10/reuso/trabalho3/Hotel-Management-System/src/ui/PassWord.java,ui.PassWord,class,6,15,9,6,33,6,0,67,39,0.88749987,0.0,0.0,10,1,2,8,0,0,2,0,0,0,16,0,0,16,0,0,1,0,14,237,3,1,3,1,0,51,121,24,1,24,4,7,0,0,104,1,0
/home/lucas/Documentos/ufc/semestre_10/reuso/trabalho3/Hotel-Management-System/src/facade/AppFacade.java,facade.AppFacade,class,11,20,9,11,23,1,0,23,183,0.83333325,0.13833992,0.13833992,23,0,23,0,0,0,23,0,0,0,6,0,0,6,0,0,6,0,0,77,22,0,0,0,0,0,0,6,0,6,0,0,0,0,63,1,0
/home/lucas/Documentos/ufc/semestre_10/reuso/trabalho3/Hotel-Management-System/src/ui/Start1.java,ui.Start1$Anonymous2,anonymous,1,1,0,1,1,1,0,1,0,0.0,NaN,NaN,1,0,1,0,0,0,1,0,0,0,0,0,0,0,0,0,0,0,0,5,0,0,0,0,0,0,0,0,0,0,0,0,0,0,3,-1,0
/home/lucas/Documentos/ufc/semestre_10/reuso/trabalho3/Hotel-Management-System/src/controller/CheckOutInfo.java,controller.CheckOutInfo,class,0,3,3,0,9,1,0,0,20,0.77777773,0.22222222,1.0,9,0,9,0,0,0,9,0,0,0,8,0,0,8,0,0,8,0,0,44,8,0,0,0,0,0,0,8,0,8,0,0,0,0,22,1,0
/home/lucas/Documentos/ufc/semestre_10/reuso/trabalho3/Hotel-Management-System/src/ui/CustomerCheckOut.java,ui.CustomerCheckOut$Anonymous8,anonymous,1,1,0,1,1,1,0,1,0,0.0,NaN,NaN,1,0,1,0,0,0,1,0,0,0,0,0,0,0,0,0,0,0,0,5,0,0,0,0,0,0,0,0,0,0,0,0,0,0,5,-1,0
/home/lucas/Documentos/ufc/semestre_10/reuso/trabalho3/Hotel-Management-System/src/ui/CustomerCheckOut.java,ui.CustomerCheckOut$Anonymous7,anonymous,1,1,0,1,1,1,0,1,0,0.0,NaN,NaN,1,0,1,0,0,0,1,0,0,0,0,0,0,0,0,0,0,0,0,5,0,0,0,0,0,0,0,0,0,0,0,0,0,0,6,-1,0
/home/lucas/Documentos/ufc/semestre_10/reuso/trabalho3/Hotel-Management-System/src/ui/ManageRoom.java,ui.ManageRoom,class,5,13,8,5,32,6,0,61,33,0.8736841,0.0,0.0,10,1,3,7,0,0,3,0,0,0,19,0,0,17,0,2,1,0,14,253,3,2,1,1,0,41,121,29,0,29,4,7,0,0,96,1,0
/home/lucas/Documentos/ufc/semestre_10/reuso/trabalho3/Hotel-Management-System/src/ui/Start1.java,ui.Start1$Anonymous1,anonymous,1,1,0,1,7,1,0,6,0,0.0,NaN,NaN,1,0,1,0,0,0,1,0,0,0,0,0,0,0,0,0,0,0,1,20,0,1,0,1,0,7,3,1,0,1,3,0,0,0,8,-1,0
/home/lucas/Documentos/ufc/semestre_10/reuso/trabalho3/Hotel-Management-System/src/ui/CustomerCheckIn.java,ui.CustomerCheckIn,class,5,34,29,5,65,6,0,66,624,0.9704298,0.0,0.0,36,1,2,34,0,0,2,0,0,0,31,0,0,31,0,0,1,0,9,525,1,2,10,1,0,82,241,41,1,41,3,27,0,0,139,1,0
/home/lucas/Documentos/ufc/semestre_10/reuso/trabalho3/Hotel-Management-System/src/ui/Admin.java,ui.Admin,class,6,13,7,6,23,6,0,49,22,0.85,0.0,0.0,8,1,3,5,0,0,3,0,0,0,10,0,0,10,0,0,1,0,10,170,1,3,4,1,2,24,68,20,0,20,4,6,0,0,100,1,0
/home/lucas/Documentos/ufc/semestre_10/reuso/trabalho3/Hotel-Management-System/src/ui/CustomerDetailsBill.java,ui.CustomerDetailsBill$Anonymous6,anonymous,1,1,0,1,1,1,0,1,0,0.0,NaN,NaN,1,0,1,0,0,0,1,0,0,0,0,0,0,0,0,0,0,0,0,5,0,0,0,0,0,0,0,0,0,0,0,0,0,0,5,-1,0
/home/lucas/Documentos/ufc/semestre_10/reuso/trabalho3/Hotel-Management-System/src/service/validation/RequiredFieldValidation.java,service.validation.RequiredFieldValidation,class,2,7,5,2,4,1,0,3,0,0.0,1.0,1.0,2,0,2,0,0,0,2,0,0,0,3,0,0,3,0,0,3,0,2,16,2,0,1,0,0,0,0,3,0,3,1,0,0,0,9,1,0
/home/lucas/Documentos/ufc/semestre_10/reuso/trabalho3/Hotel-Management-System/src/controller/CheckOutController.java,controller.CheckOutController,class,7,8,1,7,9,1,0,27,0,0.0,1.0,1.0,4,0,4,0,0,0,4,0,0,0,1,0,0,1,0,0,1,0,6,38,8,1,4,0,0,1,0,9,0,9,1,0,0,0,31,1,0
/home/lucas/Documentos/ufc/semestre_10/reuso/trabalho3/Hotel-Management-System/src/ui/CustomerDetailsBill.java,ui.CustomerDetailsBill$Anonymous2,anonymous,1,1,0,1,1,1,0,1,0,0.0,NaN,NaN,1,0,1,0,0,0,1,0,0,0,0,0,0,0,0,0,0,0,0,5,0,0,0,0,0,0,0,0,0,0,0,0,0,0,6,-1,0
/home/lucas/Documentos/ufc/semestre_10/reuso/trabalho3/Hotel-Management-System/src/ui/CustomerDetailsBill.java,ui.CustomerDetailsBill$Anonymous3,anonymous,1,1,0,1,1,1,0,0,0,0.0,NaN,NaN,1,0,1,0,0,0,1,0,0,0,1,0,0,0,0,1,0,0,0,6,1,0,0,0,0,0,0,1,0,1,0,0,0,0,7,-1,0
/home/lucas/Documentos/ufc/semestre_10/reuso/trabalho3/Hotel-Management-System/src/ui/CustomerDetailsBill.java,ui.CustomerDetailsBill$Anonymous4,anonymous,1,1,0,1,1,1,0,1,0,0.0,NaN,NaN,1,0,1,0,0,0,1,0,0,0,0,0,0,0,0,0,0,0,0,5,0,0,0,0,0,0,0,0,0,0,0,0,0,0,6,-1,0
/home/lucas/Documentos/ufc/semestre_10/reuso/trabalho3/Hotel-Management-System/src/ui/CustomerDetailsBill.java,ui.CustomerDetailsBill$Anonymous5,anonymous,1,1,0,1,1,1,0,1,0,0.0,NaN,NaN,1,0,1,0,0,0,1,0,0,0,0,0,0,0,0,0,0,0,0,5,0,0,0,0,0,0,0,0,0,0,0,0,0,0,6,-1,0
/home/lucas/Documentos/ufc/semestre_10/reuso/trabalho3/Hotel-Management-System/src/ui/Admin.java,ui.Admin$Anonymous6,anonymous,1,1,0,1,1,1,0,1,0,0.0,NaN,NaN,1,0,1,0,0,0,1,0,0,0,0,0,0,0,0,0,0,0,0,5,0,0,0,0,0,0,0,0,0,0,0,0,0,0,3,-1,0
/home/lucas/Documentos/ufc/semestre_10/reuso/trabalho3/Hotel-Management-System/src/ui/Admin.java,ui.Admin$Anonymous5,anonymous,1,1,0,1,1,1,0,1,0,0.0,NaN,NaN,1,0,1,0,0,0,1,0,0,0,0,0,0,0,0,0,0,0,0,5,0,0,0,0,0,0,0,0,0,0,0,0,0,0,6,-1,0
/home/lucas/Documentos/ufc/semestre_10/reuso/trabalho3/Hotel-Management-System/src/ui/Admin.java,ui.Admin$Anonymous4,anonymous,1,1,0,1,1,1,0,1,0,0.0,NaN,NaN,1,0,1,0,0,0,1,0,0,0,0,0,0,0,0,0,0,0,0,5,0,0,0,0,0,0,0,0,0,0,0,0,0,0,6,-1,0
/home/lucas/Documentos/ufc/semestre_10/reuso/trabalho3/Hotel-Management-System/src/ui/Admin.java,ui.Admin$Anonymous3,anonymous,1,1,0,1,1,1,0,1,0,0.0,NaN,NaN,1,0,1,0,0,0,1,0,0,0,0,0,0,0,0,0,0,0,0,5,0,0,0,0,0,0,0,0,0,0,0,0,0,0,6,-1,0
/home/lucas/Documentos/ufc/semestre_10/reuso/trabalho3/Hotel-Management-System/src/ui/CustomerCheckOut.java,ui.CustomerCheckOut$Anonymous2,anonymous,1,1,0,1,1,1,0,1,0,0.0,NaN,NaN,1,0,1,0,0,0,1,0,0,0,0,0,0,0,0,0,0,0,0,5,0,0,0,0,0,0,0,0,0,0,0,0,0,0,5,-1,0
/home/lucas/Documentos/ufc/semestre_10/reuso/trabalho3/Hotel-Management-System/src/ui/CustomerDetailsBill.java,ui.CustomerDetailsBill$Anonymous1,anonymous,1,1,0,1,1,1,0,1,0,0.0,NaN,NaN,1,0,1,0,0,0,1,0,0,0,0,0,0,0,0,0,0,0,0,5,0,0,0,0,0,0,0,0,0,0,0,0,0,0,6,-1,0
/home/lucas/Documentos/ufc/semestre_10/reuso/trabalho3/Hotel-Management-System/src/ui/Admin.java,ui.Admin$Anonymous2,anonymous,1,1,0,1,1,1,0,0,0,0.0,NaN,NaN,1,0,1,0,0,0,1,0,0,0,1,0,0,0,0,1,0,0,0,6,1,0,0,0,0,0,0,1,0,1,0,0,0,0,7,-1,0
/home/lucas/Documentos/ufc/semestre_10/reuso/trabalho3/Hotel-Management-System/src/ui/CustomerCheckOut.java,ui.CustomerCheckOut$Anonymous1,anonymous,1,1,0,1,1,1,0,1,0,0.0,NaN,NaN,1,0,1,0,0,0,1,0,0,0,0,0,0,0,0,0,0,0,0,5,0,0,0,0,0,0,0,0,0,0,0,0,0,0,6,-1,0
/home/lucas/Documentos/ufc/semestre_10/reuso/trabalho3/Hotel-Management-System/src/ui/Admin.java,ui.Admin$Anonymous1,anonymous,1,1,0,1,1,1,0,1,0,0.0,NaN,NaN,1,0,1,0,0,0,1,0,0,0,0,0,0,0,0,0,0,0,0,5,0,0,0,0,0,0,0,0,0,0,0,0,0,0,6,-1,0
/home/lucas/Documentos/ufc/semestre_10/reuso/trabalho3/Hotel-Management-System/src/ui/CustomerCheckIn.java,ui.CustomerCheckIn$Anonymous12,anonymous,1,1,0,1,1,1,0,1,0,0.0,NaN,NaN,1,0,1,0,0,0,1,0,0,0,0,0,0,0,0,0,0,0,0,5,0,0,0,0,0,0,0,0,0,0,0,0,0,0,5,-1,0
/home/lucas/Documentos/ufc/semestre_10/reuso/trabalho3/Hotel-Management-System/src/ui/CustomerCheckOut.java,ui.CustomerCheckOut$Anonymous4,anonymous,1,1,0,1,1,1,0,0,0,0.0,NaN,NaN,1,0,1,0,0,0,1,0,0,0,1,0,0,0,0,1,0,0,0,6,1,0,0,0,0,0,0,1,0,1,0,0,0,0,7,-1,0
/home/lucas/Documentos/ufc/semestre_10/reuso/trabalho3/Hotel-Management-System/src/ui/CustomerCheckIn.java,ui.CustomerCheckIn$Anonymous11,anonymous,1,1,0,1,1,1,0,1,0,0.0,NaN,NaN,1,0,1,0,0,0,1,0,0,0,0,0,0,0,0,0,0,0,0,5,0,0,0,0,0,0,0,0,0,0,0,0,0,0,5,-1,0
/home/lucas/Documentos/ufc/semestre_10/reuso/trabalho3/Hotel-Management-System/src/ui/CustomerCheckOut.java,ui.CustomerCheckOut$Anonymous3,anonymous,1,1,0,1,1,1,0,1,0,0.0,NaN,NaN,1,0,1,0,0,0,1,0,0,0,0,0,0,0,0,0,0,0,0,5,0,0,0,0,0,0,0,0,0,0,0,0,0,0,6,-1,0
/home/lucas/Documentos/ufc/semestre_10/reuso/trabalho3/Hotel-Management-System/src/ui/CustomerCheckIn.java,ui.CustomerCheckIn$Anonymous10,anonymous,1,1,0,1,1,1,0,1,0,0.0,NaN,NaN,1,0,1,0,0,0,1,0,0,0,0,0,0,0,0,0,0,0,0,5,0,0,0,0,0,0,0,0,0,0,0,0,0,0,5,-1,0
/home/lucas/Documentos/ufc/semestre_10/reuso/trabalho3/Hotel-Management-System/src/ui/CustomerCheckOut.java,ui.CustomerCheckOut$Anonymous6,anonymous,1,1,0,1,1,1,0,1,0,0.0,NaN,NaN,1,0,1,0,0,0,1,0,0,0,0,0,0,0,0,0,0,0,0,5,0,0,0,0,0,0,0,0,0,0,0,0,0,0,6,-1,0
/home/lucas/Documentos/ufc/semestre_10/reuso/trabalho3/Hotel-Management-System/src/controller/AuthController.java,controller.AuthController,class,6,7,1,6,18,1,0,17,0,0.5,0.6,0.6,5,0,5,0,0,0,5,0,0,0,2,0,0,2,0,0,2,0,17,60,17,0,8,0,0,4,0,7,0,7,1,0,0,0,29,1,0
/home/lucas/Documentos/ufc/semestre_10/reuso/trabalho3/Hotel-Management-System/src/service/RoomService.java,service.RoomService$Anonymous1,anonymous,7,7,0,7,3,1,0,4,1,0.0,0.0,0.0,2,0,0,0,2,0,2,0,0,0,0,0,0,0,0,0,0,0,3,15,3,0,0,1,0,6,0,1,0,1,1,0,0,0,18,-1,0
/home/lucas/Documentos/ufc/semestre_10/reuso/trabalho3/Hotel-Management-System/src/ui/CustomerCheckOut.java,ui.CustomerCheckOut$Anonymous5,anonymous,1,1,0,1,1,1,0,1,0,0.0,NaN,NaN,1,0,1,0,0,0,1,0,0,0,0,0,0,0,0,0,0,0,0,5,0,0,0,0,0,0,0,0,0,0,0,0,0,0,6,-1,0
/home/lucas/Documentos/ufc/semestre_10/reuso/trabalho3/Hotel-Management-System/src/ui/CustomerCheckIn.java,ui.CustomerCheckIn$Anonymous16,anonymous,1,1,0,1,1,1,0,1,0,0.0,NaN,NaN,1,0,1,0,0,0,1,0,0,0,0,0,0,0,0,0,0,0,0,5,0,0,0,0,0,0,0,0,0,0,0,0,0,0,5,-1,0
/home/lucas/Documentos/ufc/semestre_10/reuso/trabalho3/Hotel-Management-System/src/service/AuthService.java,service.AuthService,class,3,4,1,3,8,1,0,3,0,0.0,NaN,NaN,1,0,1,0,0,0,1,0,0,0,1,0,0,1,0,0,1,0,0,23,5,0,4,1,0,3,0,3,0,3,2,0,1,0,20,1,0
/home/lucas/Documentos/ufc/semestre_10/reuso/trabalho3/Hotel-Management-System/src/ui/CustomerCheckIn.java,ui.CustomerCheckIn$Anonymous15,anonymous,1,1,0,1,1,1,0,1,0,0.0,NaN,NaN,1,0,1,0,0,0,1,0,0,0,0,0,0,0,0,0,0,0,0,5,0,0,0,0,0,0,0,0,0,0,0,0,0,0,5,-1,0
/home/lucas/Documentos/ufc/semestre_10/reuso/trabalho3/Hotel-Management-System/src/ui/CustomerCheckIn.java,ui.CustomerCheckIn$Anonymous14,anonymous,1,1,0,1,1,1,0,1,0,0.0,NaN,NaN,1,0,1,0,0,0,1,0,0,0,0,0,0,0,0,0,0,0,0,5,0,0,0,0,0,0,0,0,0,0,0,0,0,0,5,-1,0
/home/lucas/Documentos/ufc/semestre_10/reuso/trabalho3/Hotel-Management-System/src/ui/CustomerCheckIn.java,ui.CustomerCheckIn$Anonymous13,anonymous,1,1,0,1,1,1,0,1,0,0.0,NaN,NaN,1,0,1,0,0,0,1,0,0,0,0,0,0,0,0,0,0,0,0,5,0,0,0,0,0,0,0,0,0,0,0,0,0,0,5,-1,0
/home/lucas/Documentos/ufc/semestre_10/reuso/trabalho3/Hotel-Management-System/src/ui/CustomerCheckIn.java,ui.CustomerCheckIn$Anonymous19,anonymous,1,1,0,1,1,1,0,1,0,0.0,NaN,NaN,1,0,1,0,0,0,1,0,0,0,0,0,0,0,0,0,0,0,0,5,0,0,0,0,0,0,0,0,0,0,0,0,0,0,6,-1,0
/home/lucas/Documentos/ufc/semestre_10/reuso/trabalho3/Hotel-Management-System/src/service/CheckInService.java,service.CheckInService,class,4,5,1,4,5,1,0,4,1,0.6666667,0.33333334,0.33333334,3,0,3,0,0,0,3,0,0,0,2,0,0,2,0,0,2,0,1,52,5,0,0,2,0,0,0,2,0,2,1,1,0,0,22,1,0
/home/lucas/Documentos/ufc/semestre_10/reuso/trabalho3/Hotel-Management-System/src/ui/CustomerCheckIn.java,ui.CustomerCheckIn$Anonymous18,anonymous,1,1,0,1,1,1,0,1,0,0.0,NaN,NaN,1,0,1,0,0,0,1,0,0,0,0,0,0,0,0,0,0,0,0,5,0,0,0,0,0,0,0,0,0,0,0,0,0,0,6,-1,0
/home/lucas/Documentos/ufc/semestre_10/reuso/trabalho3/Hotel-Management-System/src/ui/SignIn.java,ui.SignIn,class,10,26,16,10,39,6,0,56,153,0.9444446,0.0,0.0,18,1,2,16,0,0,2,0,0,0,15,0,0,14,0,1,1,0,12,278,1,1,6,1,0,33,110,24,1,22,3,10,0,1,122,1,0
/home/lucas/Documentos/ufc/semestre_10/reuso/trabalho3/Hotel-Management-System/src/ui/CustomerCheckIn.java,ui.CustomerCheckIn$Anonymous17,anonymous,1,1,0,1,1,1,0,1,0,0.0,NaN,NaN,1,0,1,0,0,0,1,0,0,0,0,0,0,0,0,0,0,0,0,5,0,0,0,0,0,0,0,0,0,0,0,0,0,0,5,-1,0
/home/lucas/Documentos/ufc/semestre_10/reuso/trabalho3/Hotel-Management-System/src/ui/ManageRoom.java,ui.ManageRoom$Anonymous1,anonymous,1,1,0,1,1,1,0,1,0,0.0,NaN,NaN,1,0,1,0,0,0,1,0,0,0,0,0,0,0,0,0,0,0,0,5,0,0,0,0,0,0,0,0,0,0,0,0,0,0,6,-1,0
/home/lucas/Documentos/ufc/semestre_10/reuso/trabalho3/Hotel-Management-System/src/ui/Signup.java,ui.Signup$Anonymous12,anonymous,1,1,0,1,1,1,0,1,0,0.0,NaN,NaN,1,0,1,0,0,0,1,0,0,0,0,0,0,0,0,0,0,0,0,5,0,0,0,0,0,0,0,0,0,0,0,0,0,0,6,-1,0
/home/lucas/Documentos/ufc/semestre_10/reuso/trabalho3/Hotel-Management-System/src/ui/ManageRoom.java,ui.ManageRoom$Anonymous2,anonymous,1,1,0,1,1,1,0,0,0,0.0,NaN,NaN,1,0,1,0,0,0,1,0,0,0,1,0,0,0,0,1,0,0,0,6,1,0,0,0,0,0,0,1,0,1,0,0,0,0,7,-1,0
/home/lucas/Documentos/ufc/semestre_10/reuso/trabalho3/Hotel-Management-System/src/ui/Signup.java,ui.Signup$Anonymous13,anonymous,1,1,0,1,1,1,0,1,0,0.0,NaN,NaN,1,0,1,0,0,0,1,0,0,0,0,0,0,0,0,0,0,0,0,5,0,0,0,0,0,0,0,0,0,0,0,0,0,0,3,-1,0
/home/lucas/Documentos/ufc/semestre_10/reuso/trabalho3/Hotel-Management-System/src/controller/StayInfo.java,controller.StayInfo,class,0,3,3,0,3,1,0,0,0,0.33333334,0.6666667,1.0,3,0,3,0,0,0,3,0,0,0,2,0,0,2,0,0,2,0,0,14,2,0,0,0,0,0,0,2,0,2,0,0,0,0,7,1,0
/home/lucas/Documentos/ufc/semestre_10/reuso/trabalho3/Hotel-Management-System/src/controller/BillInfo.java,controller.BillInfo,class,0,3,3,0,12,1,0,0,44,0.8333334,0.16666667,1.0,12,0,12,0,0,0,12,0,0,0,11,0,0,11,0,0,11,0,0,59,11,0,0,0,0,0,0,11,0,11,0,0,0,0,26,1,0
/home/lucas/Documentos/ufc/semestre_10/reuso/trabalho3/Hotel-Management-System/src/ui/Signup.java,ui.Signup$Anonymous10,anonymous,1,1,0,1,1,1,0,1,0,0.0,NaN,NaN,1,0,1,0,0,0,1,0,0,0,0,0,0,0,0,0,0,0,0,5,0,0,0,0,0,0,0,0,0,0,0,0,0,0,5,-1,0
/home/lucas/Documentos/ufc/semestre_10/reuso/trabalho3/Hotel-Management-System/src/ui/Signup.java,ui.Signup$Anonymous11,anonymous,1,1,0,1,1,1,0,1,0,0.0,NaN,NaN,1,0,1,0,0,0,1,0,0,0,0,0,0,0,0,0,0,0,0,5,0,0,0,0,0,0,0,0,0,0,0,0,0,0,6,-1,0
/home/lucas/Documentos/ufc/semestre_10/reuso/trabalho3/Hotel-Management-System/src/ui/GenerateBill.java,ui.GenerateBill$Anonymous2,anonymous,1,1,0,1,1,1,0,1,0,0.0,NaN,NaN,1,0,1,0,0,0,1,0,0,0,0,0,0,0,0,0,0,0,0,5,0,0,0,0,0,0,0,0,0,0,0,0,0,0,5,-1,0
/home/lucas/Documentos/ufc/semestre_10/reuso/trabalho3/Hotel-Management-System/src/ui/GenerateBill.java,ui.GenerateBill$Anonymous1,anonymous,1,1,0,1,1,1,0,1,0,0.0,NaN,NaN,1,0,1,0,0,0,1,0,0,0,0,0,0,0,0,0,0,0,0,5,0,0,0,0,0,0,0,0,0,0,0,0,0,0,5,-1,0
/home/lucas/Documentos/ufc/semestre_10/reuso/trabalho3/Hotel-Management-System/src/service/AdminService.java,service.AdminService,class,3,4,1,3,7,1,0,7,0,0.0,1.0,1.0,3,0,3,0,0,0,3,0,0,0,1,0,0,1,0,0,1,0,6,32,7,0,1,3,0,0,0,2,0,2,2,0,0,0,22,1,0
/home/lucas/Documentos/ufc/semestre_10/reuso/trabalho3/Hotel-Management-System/src/ui/ManageRoom.java,ui.ManageRoom$Anonymous7,anonymous,1,1,0,1,1,1,0,1,0,0.0,NaN,NaN,1,0,1,0,0,0,1,0,0,0,0,0,0,0,0,0,0,0,0,5,0,0,0,0,0,0,0,0,0,0,0,0,0,0,4,-1,0
/home/lucas/Documentos/ufc/semestre_10/reuso/trabalho3/Hotel-Management-System/src/dao/UserDao.java,dao.UserDao,class,3,11,8,3,19,1,0,20,55,0.0,0.0,0.0,11,0,10,1,0,0,10,0,0,0,0,0,0,0,0,0,0,0,10,118,15,1,0,16,0,17,21,39,0,39,3,0,0,0,47,1,0
/home/lucas/Documentos/ufc/semestre_10/reuso/trabalho3/Hotel-Management-System/src/ui/ManageRoom.java,ui.ManageRoom$Anonymous5,anonymous,1,1,0,1,1,1,0,1,0,0.0,NaN,NaN,1,0,1,0,0,0,1,0,0,0,0,0,0,0,0,0,0,0,0,5,0,0,0,0,0,0,0,0,0,0,0,0,0,0,6,-1,0
/home/lucas/Documentos/ufc/semestre_10/reuso/trabalho3/Hotel-Management-System/src/ui/ManageRoom.java,ui.ManageRoom$Anonymous6,anonymous,1,1,0,1,1,1,0,1,0,0.0,NaN,NaN,1,0,1,0,0,0,1,0,0,0,0,0,0,0,0,0,0,0,0,5,0,0,0,0,0,0,0,0,0,0,0,0,0,0,6,-1,0
/home/lucas/Documentos/ufc/semestre_10/reuso/trabalho3/Hotel-Management-System/src/ui/GenerateBill.java,ui.GenerateBill$Anonymous5,anonymous,1,1,0,1,1,1,0,1,0,0.0,NaN,NaN,1,0,1,0,0,0,1,0,0,0,0,0,0,0,0,0,0,0,0,5,0,0,0,0,0,0,0,0,0,0,0,0,0,0,4,-1,0
/home/lucas/Documentos/ufc/semestre_10/reuso/trabalho3/Hotel-Management-System/src/ui/ManageRoom.java,ui.ManageRoom$Anonymous3,anonymous,1,1,0,1,1,1,0,1,0,0.0,NaN,NaN,1,0,1,0,0,0,1,0,0,0,0,0,0,0,0,0,0,0,0,5,0,0,0,0,0,0,0,0,0,0,0,0,0,0,6,-1,0
/home/lucas/Documentos/ufc/semestre_10/reuso/trabalho3/Hotel-Management-System/src/ui/Start.java,ui.Start,class,3,5,2,3,9,6,0,20,3,0.6666667,0.0,0.0,3,1,2,1,0,0,2,0,0,0,1,0,0,1,0,0,0,0,7,55,0,1,0,1,0,3,4,2,0,2,3,2,0,0,58,1,0
/home/lucas/Documentos/ufc/semestre_10/reuso/trabalho3/Hotel-Management-System/src/ui/GenerateBill.java,ui.GenerateBill$Anonymous4,anonymous,1,1,0,1,1,1,0,1,0,0.0,NaN,NaN,1,0,1,0,0,0,1,0,0,0,0,0,0,0,0,0,0,0,0,5,0,0,0,0,0,0,0,0,0,0,0,0,0,0,6,-1,0
/home/lucas/Documentos/ufc/semestre_10/reuso/trabalho3/Hotel-Management-System/src/org/netbeans/lib/awtextra/AbsoluteLayout.java,org.netbeans.lib.awtextra.AbsoluteLayout$LayoutSizeType,enum,0,0,0,0,0,1,0,0,0,0.0,-1.0,-1.0,0,0,0,0,0,0,0,0,0,0,0,0,0,0,0,0,0,0,0,1,0,0,0,0,0,0,0,0,0,0,0,0,0,0,9,2,0
/home/lucas/Documentos/ufc/semestre_10/reuso/trabalho3/Hotel-Management-System/src/ui/ManageRoom.java,ui.ManageRoom$Anonymous4,anonymous,1,1,0,1,1,1,0,1,0,0.0,NaN,NaN,1,0,1,0,0,0,1,0,0,0,0,0,0,0,0,0,0,0,0,5,0,0,0,0,0,0,0,0,0,0,0,0,0,0,5,-1,0
/home/lucas/Documentos/ufc/semestre_10/reuso/trabalho3/Hotel-Management-System/src/ui/GenerateBill.java,ui.GenerateBill$Anonymous3,anonymous,1,1,0,1,1,1,0,1,0,0.0,NaN,NaN,1,0,1,0,0,0,1,0,0,0,0,0,0,0,0,0,0,0,0,5,0,0,0,0,0,0,0,0,0,0,0,0,0,0,6,-1,0
/home/lucas/Documentos/ufc/semestre_10/reuso/trabalho3/Hotel-Management-System/src/dao/RoomDao.java,dao.RoomDao,class,3,10,7,3,17,1,0,20,36,0.0,0.0,0.0,9,0,8,1,0,0,8,0,0,0,0,0,0,0,0,0,0,0,8,96,11,2,0,11,0,16,21,31,0,31,3,0,0,0,43,1,0
/home/lucas/Documentos/ufc/semestre_10/reuso/trabalho3/Hotel-Management-System/src/controller/RoomController.java,controller.RoomController,class,4,5,1,4,13,1,0,18,0,0.0,1.0,1.0,5,0,5,0,0,0,5,0,0,0,1,0,0,1,0,0,1,0,11,48,12,1,7,0,0,2,0,7,0,7,1,0,0,0,17,1,0
/home/lucas/Documentos/ufc/semestre_10/reuso/trabalho3/Hotel-Management-System/src/service/RoomService.java,service.RoomService,class,4,5,1,4,16,1,0,10,4,0.4,0.3,0.3,5,0,5,0,0,0,5,0,0,0,1,0,0,1,0,0,1,0,10,63,12,0,4,3,0,7,0,2,0,2,1,1,0,0,27,1,0
/home/lucas/Documentos/ufc/semestre_10/reuso/trabalho3/Hotel-Management-System/src/ui/Start1.java,ui.Start1,class,3,6,3,3,3,6,0,19,3,0.6666667,0.0,0.0,3,1,2,1,0,0,2,0,0,0,5,0,0,5,0,0,0,0,1,69,0,0,0,0,0,7,32,6,0,6,0,2,0,0,31,1,0
/home/lucas/Documentos/ufc/semestre_10/reuso/trabalho3/Hotel-Management-System/src/ui/CustomerCheckIn.java,ui.CustomerCheckIn$Anonymous23,anonymous,1,1,0,1,1,1,0,1,0,0.0,NaN,NaN,1,0,1,0,0,0,1,0,0,0,0,0,0,0,0,0,0,0,0,5,0,0,0,0,0,0,0,0,0,0,0,0,0,0,6,-1,0
/home/lucas/Documentos/ufc/semestre_10/reuso/trabalho3/Hotel-Management-System/src/ui/CustomerCheckIn.java,ui.CustomerCheckIn$Anonymous22,anonymous,1,1,0,1,1,1,0,1,0,0.0,NaN,NaN,1,0,1,0,0,0,1,0,0,0,0,0,0,0,0,0,0,0,0,5,0,0,0,0,0,0,0,0,0,0,0,0,0,0,6,-1,0
/home/lucas/Documentos/ufc/semestre_10/reuso/trabalho3/Hotel-Management-System/src/ui/CustomerCheckIn.java,ui.CustomerCheckIn$Anonymous21,anonymous,1,1,0,1,1,1,0,1,0,0.0,NaN,NaN,1,0,1,0,0,0,1,0,0,0,0,0,0,0,0,0,0,0,0,5,0,0,0,0,0,0,0,0,0,0,0,0,0,0,5,-1,0
/home/lucas/Documentos/ufc/semestre_10/reuso/trabalho3/Hotel-Management-System/src/ui/CustomerCheckIn.java,ui.CustomerCheckIn$Anonymous20,anonymous,1,1,0,1,2,1,0,2,1,0.0,0.0,0.0,2,0,2,0,0,0,2,0,0,0,0,0,0,0,0,0,0,0,0,8,0,0,0,0,0,0,0,0,0,0,0,0,0,0,6,-1,0
